Food Name,Category,Serving Size,Calories,Protein (g),Carbs (g),Fat (g),Fiber (g),Sodium (mg),Calcium (mg),Iron (mg)
White Rice,Staple,1 cup (158g),204.0,4.2,44.5,0.4,0.6,1.0,16,1.5
Boiled Egg,Protein,1 large (50g),78.0,6.3,0.6,5.3,0.0,62.0,25,0.9
Fried Egg,Protein,1 large (50g),90.0,6.2,0.6,7.0,0.0,94.0,28,1.0
Chicken Adobo,Main Dish,1 cup (250g),334.0,32.975,15.0,19.0,1.2,1520.0,45,2.8
Pandesal,Bread,1 piece (25g),80.0,2.5,15.0,1.0,0.5,120.0,8,0.3
Banana (Lakatan),Fruit,1 med (118g),105.0,1.3,27.0,0.3,3.1,1.0,6,0.3
Sinigang na Baboy,Main Dish,1 cup (250g),285.0,22.0,18.0,12.0,3.5,980.0,35,2.5
Pork Tocino,Main Dish,2 slices (56g),180.0,10.0,12.0,11.0,0.0,480.0,10,0.7
Longganisa,Main Dish,2 pieces (50g),170.0,7.0,6.0,14.0,0.0,420.0,8,0.5
Bangus (Milkfish),Fish,1 fillet (85g),162.0,22.0,0.0,8.0,0.0,65.0,42,1.2
Tilapia,Fish,1 fillet (87g),111.0,22.0,0.0,2.3,0.0,50.0,11,1.0
Pinakbet,Vegetable,1 cup (200g),90.0,3.0,18.0,1.0,4.2,420.0,35,1.5
Laing,Vegetable,1 cup (200g),180.0,4.0,12.0,14.0,3.5,720.0,60,2.0
Puto,Snack,2 pieces (60g),120.0,2.0,28.0,0.5,0.5,90.0,10,0.2
Halo-halo,Dessert,1 cup (300g),285.0,4.0,55.375,6.0,2.5,125.0,45,1.2
Leche Flan,Dessert,1 slice (100g),180.0,6.0,30.0,4.0,0.0,95.0,103,1.2
Buko Juice,Beverage,1 cup (240ml),46.0,0.5,11.0,0.0,0.2,25.0,15,0.1
Coffee,Beverage,1 cup (240ml),2.0,0.3,0.0,0.0,0.0,5.0,4,0.0
Apple,Fruit,1 med (182g),95.0,0.5,25.0,0.3,4.4,2.0,11,0.2
Milk,Dairy,1 cup (244g),149.0,7.7,12.0,8.0,0.0,105.0,103,0.1
Tapsilog,Main Dish,1 meal (300g),450.0,25.0,45.0,18.0,2.5,980.0,55,2.2
Chicken Inasal,Main Dish,1 piece (120g),210.0,28.0,2.0,10.0,0.0,420.0,20,1.0
Pork Sisig,Appetizer,1 cup (150g),350.0,18.0,8.0,25.974999999999998,1.2,1080.0,35,2.0
Beef Caldereta,Stew,1 cup (250g),320.0,22.0,18.0,18.0,2.1,1150.0,65,2.5
Pancit Canton,Noodles,1 cup (150g),220.0,7.0,32.0,7.0,1.5,720.0,25,1.0
Pancit Bihon,Noodles,1 cup (150g),190.0,6.0,35.0,3.0,1.2,680.0,20,0.8
Lumpia Shanghai,Appetizer,3 pieces (90g),180.0,8.0,18.0,8.0,1.0,420.0,15,0.7
Lechon Kawali,Main Dish,1 meal (300g),525.75,30.0,8.0,25.974999999999998,0.5,1250.0,30,2.5
Ginataang Langka,Main Dish,1 cup (200g),180.0,4.0,18.0,12.0,3.0,580.0,45,1.2
Adobong Sitaw,Vegetable,1 cup (200g),120.0,5.0,18.0,4.0,2.8,350.0,20,1.0
Pinapaitan,Stew,1 cup (250g),210.0,18.0,4.0,12.0,1.5,980.0,40,2.0
Tinola, Soup,1 cup (200g),110.0,12.0,6.0,4.0,1.8,420.0,25,1.2
Bistek Tagalog,Main Dish,1 cup (200g),250.0,20.0,10.0,14.0,1.0,890.0,35,2.0
La Paz Batchoy,Soup,1 bowl (250g),320.0,18.0,38.0,10.0,2.0,1150.0,40,2.5
Goto,Soup,1 bowl (250g),180.0,8.0,28.0,4.0,1.5,720.0,25,1.0
Arroz Caldo, Porridge,1 bowl (250g),210.0,10.0,32.0,4.0,1.2,680.0,20,1.0
Champorado,Porridge,1 bowl (250g),190.0,4.0,38.0,2.0,2.5,90.0,15,1.2
Taho,Snack,1 cup (200g),160.0,6.0,32.0,2.0,1.5,125.0,45,1.0
Turon,Snack,1 piece (80g),140.0,2.0,28.0,4.0,1.2,85.0,25,0.8
Maja Blanca,Dessert,1 slice (100g),120.0,2.0,22.0,4.0,1.0,35.0,15,0.5
Ube Halaya,Dessert,1 slice (100g),180.0,2.0,42.0,3.0,1.5,85.0,35,1.0
Suman,Dessert,2 pieces (100g),150.0,3.0,32.0,2.0,1.2,25.0,35,0.7
Bibingka,Dessert,1 slice (100g),285.0,6.0,55.375,12.0,2.1,25.0,35,1.5
Kutsinta,Snack,2 pieces (60g),90.0,1.0,22.0,0.2,0.5,10.0,5,0.2
Ensaymada,Bread,1 piece (50g),180.0,4.0,28.0,6.0,0.8,120.0,20,0.5
Monay,Bread,1 piece (60g),160.0,4.0,30.0,2.0,1.0,110.0,18,0.4
Spanish Bread,Bread,1 piece (40g),130.0,3.0,22.0,3.0,0.7,90.0,12,0.3
Cheese Roll,Bread,1 piece (45g),140.0,4.0,20.0,4.0,0.5,95.0,15,0.4
Corned Beef,Meat,1 serving (85g),150.0,12.0,0.0,10.0,0.0,820.0,8,1.2
Hotdog,Meat,1 piece (45g),120.0,4.0,4.0,10.0,0.0,480.0,6,0.5
Tuna (Canned),Fish,1 can (155g),180.0,22.0,0.0,8.0,0.0,320.0,12,1.0
Sardines (Canned),Fish,1 can (155g),140.0,16.0,0.0,7.0,0.0,320.0,15,1.2
Galunggong,Fish,1 piece (60g),90.0,12.0,0.0,4.0,0.0,50.0,10,0.8
Tuyo,Fish,2 pieces (30g),70.0,8.0,0.0,3.0,0.0,480.0,8,0.6
Tinapa,Fish,1 piece (50g),110.0,14.0,0.0,5.0,0.0,420.0,12,0.9
Shrimp,Seafood,6 pieces (60g),70.0,13.0,1.0,1.0,0.0,120.0,30,0.3
Crab,Seafood,1 piece (100g),97.0,21.0,0.0,1.0,0.0,320.0,50,0.8
Squid,Seafood,1 piece (60g),52.0,9.0,1.0,1.0,0.0,44.0,32,0.4
Ampalaya,Vegetable,1 cup (100g),20.0,1.0,4.0,0.2,2.0,5.0,18,0.5
Malunggay Leaves,Vegetable,1 cup (30g),20.0,2.0,3.0,0.3,1.2,7.0,60,0.6
Kangkong,Vegetable,1 cup (50g),13.0,1.5,2.0,0.2,1.0,6.0,30,0.4
Eggplant,Vegetable,1 cup (82g),35.0,0.8,8.0,0.2,2.5,2.0,9,0.2
Okra,Vegetable,1 cup (100g),33.0,2.0,7.0,0.2,3.2,7.0,81,0.6
Carrot,Vegetable,1 med (61g),25.0,0.6,6.0,0.1,1.7,42.0,20,0.2
Potato,Vegetable,1 med (150g),110.0,3.0,26.0,0.2,2.4,7.0,20,0.7
Tomato,Vegetable,1 med (123g),22.0,1.1,5.0,0.2,1.5,6.0,15,0.3
Cabbage,Vegetable,1 cup (89g),22.0,1.1,5.0,0.1,2.2,16.0,36,0.2
Lettuce,Vegetable,1 cup (36g),5.0,0.5,1.0,0.1,0.5,2.0,13,0.1
Papaya,Fruit,1 cup (140g),55.0,0.9,14.0,0.2,2.5,4.0,30,0.3
Pineapple,Fruit,1 cup (165g),82.0,0.9,22.0,0.2,2.3,2.0,21,0.5
Watermelon,Fruit,1 cup (152g),46.0,0.9,12.0,0.2,0.6,2.0,11,0.2
Mango,Fruit,1 cup (165g),99.0,1.4,25.0,0.6,2.6,2.0,18,0.2
Orange,Fruit,1 med (131g),62.0,1.2,15.0,0.2,3.1,0.0,52,0.1
Grapes,Fruit,1 cup (151g),104.0,1.1,27.0,0.2,1.4,3.0,15,0.5
Guava,Fruit,1 cup (165g),112.0,4.2,24.0,1.6,4.450000000000001,3.0,30,0.4
Apple (Green),Fruit,1 med (182g),95.0,0.5,25.0,0.3,4.4,2.0,11,0.2
Banana (Saba),Fruit,1 piece (100g),120.0,1.3,31.0,0.3,2.6,1.0,7,0.3
Avocado,Fruit,1 cup (150g),240.0,3.0,12.0,22.0,4.450000000000001,11.0,18,1.1
Strawberry,Fruit,1 cup (152g),49.0,1.0,12.0,0.5,3.0,2.0,24,0.4
Blueberry,Fruit,1 cup (148g),84.0,1.1,21.0,0.5,3.6,1.0,9,0.4
Pear,Fruit,1 med (178g),101.0,0.6,27.0,0.2,4.450000000000001,2.0,15,0.2
Peach,Fruit,1 med (150g),59.0,1.4,14.0,0.4,2.3,0.0,9,0.4
Rambutan,Fruit,5 pieces (100g),68.0,0.9,16.0,0.2,0.9,2.0,8,0.2
Lanzones,Fruit,10 pieces (100g),57.0,1.0,15.0,0.2,2.3,1.0,9,0.2
Langka (Jackfruit),Fruit,1 cup (165g),155.0,2.4,40.0,0.5,2.6,3.0,34,0.6
Durian,Fruit,1 cup (243g),357.0,3.6,55.375,13.0,4.450000000000001,5.0,20,1.0
Chico,Fruit,1 med (100g),83.0,0.4,20.0,1.1,4.450000000000001,12.0,21,0.8
Santol,Fruit,1 med (100g),67.0,0.6,17.0,0.2,2.3,2.0,10,0.2
Guyabano,Fruit,1 cup (225g),150.0,2.3,38.0,0.7,4.450000000000001,14.0,30,1.0
Macapuno,Dessert,1/2 cup (60g),90.0,0.5,22.0,0.5,1.0,10.0,8,0.2
Buko Pandan,Dessert,1 cup (200g),180.0,2.0,38.0,4.0,1.2,25.0,15,0.4
Mais con Yelo,Dessert,1 cup (200g),160.0,3.0,36.0,2.0,1.5,20.0,12,0.3
Banana Cue,Snack,1 stick (90g),180.0,1.0,44.0,0.5,2.5,5.0,10,0.3
Camote Cue,Snack,1 stick (90g),160.0,1.0,40.0,0.2,2.8,4.0,12,0.4
Chicharon,Snack,1 cup (30g),160.0,8.0,0.0,14.0,0.0,320.0,10,0.5
Cornick,Snack,1 pack (28g),130.0,2.0,18.0,6.0,1.5,180.0,4,0.3
SkyFlakes,Bread,3 pieces (25g),120.0,2.0,22.0,3.0,0.5,120.0,8,0.3
Fita Crackers,Snack,5 pieces (25g),120.0,2.0,18.0,4.0,0.5,110.0,6,0.2
Egg Pie,Dessert,1 slice (100g),260.0,6.0,38.0,10.0,0.8,120.0,40,1.0
Yema,Dessert,3 pieces (30g),120.0,2.0,24.0,2.0,0.2,20.0,8,0.1
Polvoron,Snack,2 pieces (30g),140.0,2.0,22.0,6.0,0.5,30.0,10,0.2
Pastillas,Snack,3 pieces (30g),110.0,2.0,20.0,3.0,0.2,25.0,12,0.2
Otap,Bread,2 pieces (30g),140.0,2.0,24.0,5.0,0.5,60.0,10,0.2
Mamon,Bread,1 piece (50g),160.0,4.0,26.0,4.0,0.5,80.0,15,0.3
Hopia,Snack,2 pieces (60g),180.0,4.0,32.0,4.0,1.0,90.0,12,0.4
Pianono,Snack,1 slice (40g),120.0,2.0,20.0,3.0,0.5,60.0,8,0.2
Barquillos,Snack,5 sticks (30g),110.0,2.0,22.0,2.0,0.5,30.0,6,0.1
Turones de Mani,Snack,2 pieces (40g),140.0,3.0,24.0,4.0,0.8,40.0,10,0.3
Peanut Butter,Spread,2 tbsp (32g),190.0,7.0,8.0,16.0,2.0,140.0,17,0.6
Mayonnaise,Condiment,1 tbsp (13g),90.0,0.0,1.0,10.0,0.0,70.0,4,0.1
Ketchup,Condiment,1 tbsp (17g),20.0,0.0,5.0,0.0,0.2,160.0,6,0.1
Soy Sauce,Condiment,1 tbsp (15g),10.0,2.0,1.0,0.0,0.1,900.0,2,0.1
Vinegar,Condiment,1 tbsp (15g),3.0,0.0,0.0,0.0,0.0,0.0,1,0.0
Fish Sauce,Condiment,1 tbsp (15g),10.0,2.0,1.0,0.0,0.1,1200.0,2,0.1
Salt,Condiment,1 tsp (6g),0.0,0.0,0.0,0.0,0.0,1694.75,0,0.0
Pepper,Condiment,1 tsp (2g),5.0,0.2,1.0,0.0,0.5,1.0,8,0.1
Sugar,Condiment,1 tbsp (12g),48.0,0.0,12.0,0.0,0.0,0.0,1,0.0
Butter,Spread,1 tbsp (14g),102.0,0.1,0.0,12.0,0.0,91.0,3,0.0
Margarine,Spread,1 tbsp (14g),100.0,0.0,0.0,11.0,0.0,90.0,2,0.0
Cheese, Dairy,1 slice (21g),70.0,4.0,1.0,6.0,0.0,120.0,103,0.2
Yogurt, Dairy,1 cup (245g),150.0,8.0,18.0,4.0,0.0,110.0,103,0.1
Powdered Milk, Dairy,3 tbsp (24g),120.0,6.0,12.0,6.0,0.0,90.0,103,0.1
Ice Cream, Dessert,1/2 cup (66g),137.0,2.0,16.0,7.0,0.5,53.0,84,0.2
Soft Drink, Beverage,1 can (330ml),140.0,0.0,36.0,0.0,0.0,30.0,4,0.0
Iced Tea, Beverage,1 cup (240ml),90.0,0.0,23.0,0.0,0.0,10.0,2,0.0
Hot Chocolate, Beverage,1 cup (240ml),192.0,3.0,32.0,6.0,1.5,120.0,103,1.0
Energy Drink, Beverage,1 can (250ml),110.0,0.0,28.0,0.0,0.0,80.0,2,0.0
Bottled Water, Beverage,1 bottle (500ml),0.0,0.0,0.0,0.0,0.0,0.0,0,0.0
Sarsiado,Main Dish,1 cup (200g),180.0,14.0,8.0,10.0,2.0,420.0,30,1.2
Dinuguan,Main Dish,1 cup (200g),320.0,18.0,6.0,25.974999999999998,1.5,980.0,40,2.0
Papaitan,Main Dish,1 cup (200g),210.0,18.0,4.0,12.0,1.5,980.0,40,2.0
Igado,Main Dish,1 cup (200g),250.0,20.0,8.0,16.0,1.2,890.0,35,1.8
Menudo,Main Dish,1 cup (200g),280.0,16.0,12.0,18.0,1.5,950.0,30,2.0
Afritada,Main Dish,1 cup (200g),260.0,14.0,18.0,14.0,2.0,900.0,28,1.5
Nilaga,Main Dish,1 cup (200g),220.0,16.0,10.0,10.0,1.8,850.0,25,1.2
Pochero,Main Dish,1 cup (200g),240.0,14.0,20.0,12.0,2.2,900.0,30,1.5
Humba,Main Dish,1 cup (200g),350.0,18.0,12.0,25.974999999999998,1.0,1100.0,40,2.2
Estofado,Main Dish,1 cup (200g),300.0,14.0,18.0,20.0,1.5,950.0,28,1.8
Pakbet,Vegetable,1 cup (200g),90.0,3.0,18.0,1.0,4.2,420.0,35,1.5
Ginisang Monggo,Vegetable,1 cup (200g),180.0,10.0,28.0,2.0,4.0,420.0,60,2.0
Ginisang Ampalaya,Vegetable,1 cup (200g),70.0,3.0,12.0,2.0,3.5,350.0,30,1.0
Ginisang Pechay,Vegetable,1 cup (200g),60.0,2.0,10.0,1.0,2.5,320.0,25,0.8
Ginisang Repolyo,Vegetable,1 cup (200g),65.0,2.0,12.0,1.0,2.8,330.0,28,0.9
Ginisang Sitaw,Vegetable,1 cup (200g),80.0,3.0,14.0,1.0,3.0,340.0,30,1.0
Ginisang Talong,Vegetable,1 cup (200g),75.0,2.0,14.0,1.0,2.7,320.0,28,0.8
Ginisang Kalabasa,Vegetable,1 cup (200g),90.0,2.0,18.0,1.0,3.2,330.0,30,1.0
Ginisang Baguio Beans,Vegetable,1 cup (200g),85.0,3.0,16.0,1.0,3.0,340.0,32,1.0
Ginisang Patola,Vegetable,1 cup (200g),60.0,2.0,10.0,1.0,2.5,320.0,25,0.8
Ginisang Upo,Vegetable,1 cup (200g),55.0,2.0,10.0,1.0,2.2,310.0,22,0.7
Ginisang Sayote,Vegetable,1 cup (200g),60.0,2.0,12.0,1.0,2.4,315.0,24,0.8
Ginisang Malunggay,Vegetable,1 cup (200g),70.0,4.0,10.0,1.0,3.5,325.0,40,1.2
Ginisang Kamote Tops,Vegetable,1 cup (200g),65.0,3.0,12.0,1.0,3.0,320.0,35,1.0
Ginisang Alugbati,Vegetable,1 cup (200g),60.0,3.0,10.0,1.0,2.8,315.0,32,0.9
Ginisang Kangkong,Vegetable,1 cup (200g),60.0,3.0,10.0,1.0,2.7,310.0,30,0.8
Ginisang Mustasa,Vegetable,1 cup (200g),65.0,3.0,12.0,1.0,2.9,320.0,34,1.0
Ginisang Labanos,Vegetable,1 cup (200g),55.0,2.0,10.0,1.0,2.3,310.0,22,0.7
Ginisang Gabi,Vegetable,1 cup (200g),70.0,2.0,14.0,1.0,2.6,320.0,28,0.9
Ginisang Sayote Tops,Vegetable,1 cup (200g),60.0,3.0,10.0,1.0,2.5,315.0,30,0.8
Ginisang Bataw,Vegetable,1 cup (200g),70.0,3.0,12.0,1.0,2.8,320.0,32,0.9
Ginisang Sigarilyas,Vegetable,1 cup (200g),75.0,3.0,14.0,1.0,3.0,325.0,34,1.0
Ginisang Kadyos,Vegetable,1 cup (200g),80.0,4.0,14.0,1.0,3.2,330.0,36,1.1
Ginisang Togue,Vegetable,1 cup (200g),70.0,4.0,12.0,1.0,3.0,320.0,30,1.0
Ginisang Bataw at Patani,Vegetable,1 cup (200g),80.0,4.0,14.0,1.0,3.1,330.0,35,1.1
Ginisang Sayote at Carrots,Vegetable,1 cup (200g),65.0,3.0,12.0,1.0,2.7,320.0,30,0.9
Ginisang Kalabasa at Sitaw,Vegetable,1 cup (200g),85.0,3.0,16.0,1.0,3.2,330.0,32,1.0
Ginisang Ampalaya at Itlog,Vegetable,1 cup (200g),90.0,4.0,12.0,2.0,3.5,340.0,35,1.2
Ginisang Pechay at Tokwa,Vegetable,1 cup (200g),95.0,5.0,10.0,3.0,2.8,350.0,40,1.3
Ginisang Repolyo at Giniling,Vegetable,1 cup (200g),120.0,6.0,12.0,6.0,2.5,360.0,45,1.5
Ginisang Talbos ng Kamote,Vegetable,1 cup (200g),70.0,4.0,12.0,1.0,3.0,320.0,35,1.0
Ginisang Kalabasa at Malunggay,Vegetable,1 cup (200g),80.0,4.0,14.0,1.0,3.2,330.0,38,1.1
Ginisang Upo at Hipon,Vegetable,1 cup (200g),85.0,5.0,12.0,2.0,2.8,340.0,40,1.2
Ginisang Patani at Baboy,Vegetable,1 cup (200g),130.0,7.0,14.0,6.0,2.5,380.0,45,1.6
Ginisang Baguio Beans at Baboy,Vegetable,1 cup (200g),135.0,7.0,14.0,7.0,2.6,385.0,46,1.7
Ginisang Sayote at Baboy,Vegetable,1 cup (200g),120.0,6.0,12.0,5.0,2.4,370.0,44,1.5
Ginisang Repolyo at Baboy,Vegetable,1 cup (200g),125.0,6.0,12.0,6.0,2.5,375.0,45,1.6
Ginisang Pechay at Baboy,Vegetable,1 cup (200g),120.0,6.0,10.0,6.0,2.3,370.0,44,1.5
Ginisang Kangkong at Baboy,Vegetable,1 cup (200g),120.0,6.0,10.0,6.0,2.2,370.0,44,1.5
Ginisang Talong at Baboy,Vegetable,1 cup (200g),125.0,6.0,12.0,6.0,2.4,375.0,45,1.6
Ginisang Kalabasa at Baboy,Vegetable,1 cup (200g),130.0,6.0,14.0,7.0,2.6,380.0,46,1.7
Ginisang Sitaw at Baboy,Vegetable,1 cup (200g),125.0,6.0,12.0,6.0,2.5,375.0,45,1.6
Ginisang Bataw at Baboy,Vegetable,1 cup (200g),130.0,6.0,14.0,7.0,2.6,380.0,46,1.7
Ginisang Patani at Itlog,Vegetable,1 cup (200g),110.0,5.0,14.0,4.0,2.3,350.0,40,1.3
Ginisang Baguio Beans at Itlog,Vegetable,1 cup (200g),115.0,5.0,14.0,5.0,2.4,355.0,41,1.4
Ginisang Sayote at Itlog,Vegetable,1 cup (200g),100.0,4.0,12.0,3.0,2.1,340.0,39,1.2
Ginisang Repolyo at Itlog,Vegetable,1 cup (200g),105.0,4.0,12.0,4.0,2.2,345.0,40,1.3
Ginisang Pechay at Itlog,Vegetable,1 cup (200g),100.0,4.0,10.0,4.0,2.0,340.0,39,1.2
Ginisang Kangkong at Itlog,Vegetable,1 cup (200g),100.0,4.0,10.0,4.0,1.9,340.0,39,1.2
Ginisang Talong at Itlog,Vegetable,1 cup (200g),105.0,4.0,12.0,4.0,2.2,345.0,40,1.3
Ginisang Kalabasa at Itlog,Vegetable,1 cup (200g),110.0,4.0,14.0,5.0,2.4,350.0,41,1.4
Ginisang Sitaw at Itlog,Vegetable,1 cup (200g),105.0,4.0,12.0,4.0,2.3,345.0,40,1.3
Ginisang Bataw at Itlog,Vegetable,1 cup (200g),110.0,4.0,14.0,5.0,2.4,350.0,41,1.4
Ginisang Patani at Tokwa,Vegetable,1 cup (200g),120.0,6.0,14.0,5.0,2.5,360.0,42,1.5
Ginisang Baguio Beans at Tokwa,Vegetable,1 cup (200g),125.0,6.0,14.0,6.0,2.6,365.0,43,1.6
Ginisang Sayote at Tokwa,Vegetable,1 cup (200g),110.0,5.0,12.0,4.0,2.2,350.0,41,1.4
Ginisang Repolyo at Tokwa,Vegetable,1 cup (200g),115.0,5.0,12.0,5.0,2.3,355.0,42,1.5
Ginisang Pechay at Tokwa,Vegetable,1 cup (200g),110.0,5.0,10.0,5.0,2.1,350.0,41,1.4
Ginisang Kangkong at Tokwa,Vegetable,1 cup (200g),110.0,5.0,10.0,5.0,2.0,350.0,41,1.4
Ginisang Talong at Tokwa,Vegetable,1 cup (200g),115.0,5.0,12.0,5.0,2.3,355.0,42,1.5
Ginisang Kalabasa at Tokwa,Vegetable,1 cup (200g),120.0,5.0,14.0,6.0,2.5,360.0,43,1.6
Ginisang Sitaw at Tokwa,Vegetable,1 cup (200g),115.0,5.0,12.0,5.0,2.4,355.0,42,1.5
Ginisang Bataw at Tokwa,Vegetable,1 cup (200g),120.0,5.0,14.0,6.0,2.5,360.0,43,1.6
Chicken Tinola,Main Dish,1 cup (200g),120.0,14.0,6.0,4.0,1.8,420.0,25,1.2
Chicken Sopas,Soup,1 cup (200g),180.0,8.0,24.0,6.0,1.5,720.0,30,1.0
Chicken Macaroni Salad,Salad,1 cup (200g),320.0,10.0,38.0,14.0,2.0,480.0,40,1.2
Chicken Sandwich,Sandwich,1 piece (120g),250.0,12.0,28.0,10.0,2.0,420.0,30,1.0
Egg Sandwich,Sandwich,1 piece (120g),220.0,10.0,26.0,8.0,1.8,400.0,28,0.9
Tuna Sandwich,Sandwich,1 piece (120g),230.0,14.0,26.0,8.0,1.8,420.0,32,1.1
Ham Sandwich,Sandwich,1 piece (120g),240.0,12.0,28.0,9.0,1.8,440.0,34,1.2
Cheese Sandwich,Sandwich,1 piece (120g),230.0,10.0,28.0,8.0,1.8,420.0,36,1.1
Clubhouse Sandwich,Sandwich,1 piece (180g),350.0,18.0,38.0,14.0,2.5,680.0,50,1.5
BLT Sandwich,Sandwich,1 piece (150g),320.0,14.0,30.0,16.0,2.0,620.0,40,1.3
Corned Beef Sandwich,Sandwich,1 piece (120g),240.0,12.0,26.0,9.0,1.8,420.0,32,1.1
Hotdog Sandwich,Sandwich,1 piece (120g),250.0,10.0,28.0,12.0,1.8,480.0,30,1.0
Pork Asado,Main Dish,1 cup (200g),320.0,18.0,12.0,22.0,1.5,980.0,35,1.8
Pork Giniling,Main Dish,1 cup (200g),280.0,14.0,14.0,18.0,1.2,900.0,30,1.5
Pork Picadillo,Main Dish,1 cup (200g),270.0,12.0,16.0,16.0,1.0,880.0,28,1.2
Pork Pata Tim,Main Dish,1 cup (200g),350.0,16.0,10.0,25.974999999999998,1.0,1100.0,40,2.2
Pork Dinakdakan,Main Dish,1 cup (200g),340.0,18.0,8.0,25.974999999999998,1.2,1200.0,38,2.0
Pork Kilawin,Main Dish,1 cup (200g),300.0,14.0,6.0,24.0,1.0,1050.0,32,1.5
Pork Lechon Paksiw,Main Dish,1 cup (200g),320.0,16.0,10.0,24.0,1.0,1050.0,28,1.5
Pork Menudo,Main Dish,1 cup (200g),280.0,16.0,12.0,18.0,1.5,950.0,30,2.0
Pork Nilaga,Main Dish,1 cup (200g),220.0,16.0,10.0,10.0,1.8,850.0,25,1.2
Pork Sinigang,Main Dish,1 cup (200g),210.0,14.0,8.0,10.0,1.5,800.0,22,1.0
Pork Tocino,Main Dish,1 cup (200g),320.0,16.0,12.0,24.0,1.0,980.0,30,1.2
Pork Torta,Main Dish,1 cup (200g),300.0,14.0,10.0,22.0,1.2,950.0,28,1.8
Pork Binagoongan,Main Dish,1 cup (200g),340.0,18.0,10.0,25.974999999999998,1.5,1200.0,30,1.8
Pork Bopis,Main Dish,1 cup (200g),280.0,14.0,8.0,20.0,1.0,900.0,28,1.5
Pork Igado,Main Dish,1 cup (200g),250.0,12.0,8.0,16.0,1.2,890.0,25,1.2
Pork Sisig,Main Dish,1 cup (200g),350.0,18.0,8.0,25.974999999999998,1.2,1080.0,35,2.0
Pork Tapa,Main Dish,1 cup (200g),320.0,16.0,8.0,24.0,1.0,980.0,30,1.2
Pork Tokwa,Main Dish,1 cup (200g),280.0,14.0,10.0,18.0,1.2,900.0,28,1.5
Pork Adobo,Main Dish,1 cup (200g),320.0,16.0,8.0,24.0,1.0,980.0,30,1.2
Pork Afritada,Main Dish,1 cup (200g),260.0,14.0,18.0,14.0,2.0,900.0,28,1.5
Pork Caldereta,Main Dish,1 cup (200g),320.0,18.0,18.0,18.0,2.1,1150.0,65,2.5
Pork Curry,Main Dish,1 cup (200g),290.0,14.0,14.0,18.0,2.0,900.0,35,1.5
Pork Estofado,Main Dish,1 cup (200g),300.0,14.0,18.0,20.0,1.5,950.0,28,1.8
Pork Humba,Main Dish,1 cup (200g),350.0,18.0,12.0,25.974999999999998,1.0,1100.0,40,2.2
Pork Mechado,Main Dish,1 cup (200g),320.0,16.0,10.0,24.0,1.0,1050.0,28,1.5
Pork Pochero,Main Dish,1 cup (200g),240.0,14.0,20.0,12.0,2.2,900.0,30,1.5
Pork Sinangag,Main Dish,1 cup (200g),220.0,8.0,38.0,4.0,1.2,720.0,20,1.0
Pork Sotanghon,Main Dish,1 cup (200g),210.0,8.0,36.0,3.0,1.0,680.0,18,0.8
Pork Tinola,Main Dish,1 cup (200g),120.0,10.0,6.0,4.0,1.8,420.0,25,1.2
Pork Tortang Talong,Main Dish,1 cup (200g),180.0,8.0,10.0,10.0,1.5,420.0,18,0.8
Quaker Oats, Cereal,1 cup (234g),150.0,5.0,27.0,3.0,4.0,0.0,20,1.5
Corn Flakes, Cereal,1 cup (28g),100.0,2.0,24.0,0.0,1.0,200.0,0,0.5
Coco Crunch, Cereal,1 cup (30g),120.0,2.0,25.0,1.0,2.0,90.0,0,1.0
Milo, Beverage,3 tbsp (24g),110.0,2.0,20.0,2.0,1.0,40.0,80,1.2
Nescafe 3-in-1, Beverage,1 sachet (20g),80.0,1.0,16.0,2.0,0.0,30.0,40,0.2
Yakult, Beverage,1 bottle (80ml),50.0,1.0,12.0,0.0,0.0,15.0,40,0.1
Dutch Mill, Beverage,1 bottle (90ml),70.0,2.0,14.0,1.0,0.0,30.0,60,0.2
Magnolia Fresh Milk, Dairy,1 cup (244g),150.0,8.0,12.0,8.0,0.0,120.0,103,0.1
Bear Brand Powdered Milk, Dairy,3 tbsp (24g),120.0,6.0,12.0,6.0,0.0,90.0,103,0.1
Alaska Condensed Milk, Dairy,2 tbsp (40g),130.0,3.0,22.0,3.0,0.0,60.0,100,0.1
Eden Cheese, Dairy,1 slice (21g),70.0,4.0,1.0,6.0,0.0,120.0,103,0.2
Kraft Cheddar Cheese, Dairy,1 slice (21g),80.0,5.0,1.0,7.0,0.0,130.0,103,0.2
Selecta Ice Cream, Dessert,1/2 cup (66g),140.0,2.0,16.0,7.0,0.5,55.0,85,0.2
Magnolia Ice Cream, Dessert,1/2 cup (66g),135.0,2.0,15.0,7.0,0.5,53.0,84,0.2
Chippy, Snack,1 pack (28g),150.0,2.0,16.0,9.0,1.0,180.0,10,0.5
Piattos, Snack,1 pack (28g),140.0,2.0,15.0,8.0,1.0,170.0,8,0.4
Nova, Snack,1 pack (28g),120.0,2.0,18.0,5.0,2.0,160.0,6,0.3
Oishi Prawn Crackers, Snack,1 pack (28g),130.0,2.0,17.0,6.0,1.0,150.0,5,0.2
Oishi Marty's Cracklin, Snack,1 pack (28g),120.0,2.0,18.0,5.0,2.0,160.0,6,0.3
Oreo, Snack,3 pieces (34g),160.0,2.0,25.0,7.0,1.0,135.0,20,1.0
SkyFlakes Fit, Bread,3 pieces (25g),110.0,2.0,20.0,2.0,1.0,110.0,8,0.3
Gardenia Classic Bread, Bread,1 slice (25g),70.0,2.0,13.0,1.0,1.0,120.0,10,0.3
Gardenia Wheat Bread, Bread,1 slice (25g),60.0,2.0,11.0,1.0,1.0,110.0,12,0.4
Tasty Bread, Bread,1 slice (25g),70.0,2.0,13.0,1.0,1.0,120.0,10,0.3
Monde Mamon, Bread,1 piece (50g),160.0,4.0,26.0,4.0,0.5,80.0,15,0.3
Fudgee Barr, Snack,1 bar (38g),140.0,2.0,22.0,5.0,0.5,90.0,10,0.2
Rebisco Crackers, Snack,2 pieces (20g),90.0,2.0,14.0,3.0,0.5,80.0,6,0.2
Hansel Mocha Sandwich, Snack,2 pieces (20g),100.0,1.0,15.0,4.0,0.5,70.0,5,0.2
Presto Creams, Snack,2 pieces (20g),100.0,1.0,15.0,4.0,0.5,70.0,5,0.2
Choc Nut, Snack,2 pieces (20g),110.0,2.0,12.0,6.0,1.0,40.0,10,0.2
Flat Tops, Snack,3 pieces (18g),90.0,1.0,12.0,5.0,0.5,30.0,8,0.1
Cloud 9, Snack,1 bar (28g),120.0,1.0,18.0,5.0,0.5,40.0,10,0.2
Hany, Snack,2 pieces (20g),110.0,2.0,12.0,6.0,1.0,40.0,10,0.2
Mik-Mik, Snack,1 sachet (10g),40.0,1.0,8.0,1.0,0.0,10.0,2,0.1
Nagaraya Cracker Nuts, Snack,1 pack (28g),140.0,3.0,14.0,8.0,1.0,160.0,8,0.3
Piaya, Snack,1 piece (40g),130.0,2.0,28.0,2.0,1.0,60.0,10,0.3
Pastimallows, Snack,3 pieces (30g),110.0,1.0,22.0,2.0,0.2,20.0,8,0.1
Butterscotch, Snack,1 bar (30g),120.0,1.0,20.0,4.0,0.5,30.0,8,0.2
Suman sa Lihiya, Dessert,1 piece (60g),90.0,2.0,20.0,0.5,0.5,10.0,6,0.2
Sapin-Sapin, Dessert,1 slice (50g),100.0,1.0,22.0,1.0,0.5,15.0,8,0.2
Mangosteen, Fruit,1 piece (60g),60.0,1.0,15.0,0.2,1.5,2.0,10,0.2
Lanzones, Fruit,10 pieces (100g),57.0,1.0,15.0,0.2,2.3,1.0,9,0.2
Santol, Fruit,1 med (100g),67.0,0.6,17.0,0.2,2.3,2.0,10,0.2
Singkamas, Vegetable,1 cup (130g),49.0,1.0,12.0,0.1,4.450000000000001,4.0,20,0.6
Sayote, Vegetable,1 cup (132g),25.0,1.0,6.0,0.1,2.2,2.0,17,0.3
Patola, Vegetable,1 cup (100g),20.0,1.0,4.0,0.1,1.2,2.0,15,0.2
Saluyot, Vegetable,1 cup (100g),35.0,2.0,7.0,0.2,3.0,3.0,40,0.5
Sago't Gulaman, Beverage,1 glass (250ml),180.0,1.0,45.0,0.0,0.5,20.0,10,0.2
Salabat, Beverage,1 cup (240ml),30.0,0.0,7.0,0.0,0.2,5.0,2,0.1
Buko Shake, Beverage,1 glass (250ml),120.0,1.0,28.0,1.0,0.5,15.0,12,0.2
Mais, Vegetable,1 ear (90g),77.0,2.0,19.0,1.0,2.0,15.0,2,0.5
Kamote, Vegetable,1 med (130g),112.0,2.0,26.0,0.1,3.9,36.0,39,0.7
Ube, Vegetable,1 cup (133g),140.0,1.0,37.0,0.1,4.1,10.0,20,0.5
Taro (Gabi), Vegetable,1 cup (132g),187.0,1.0,45.0,0.1,4.450000000000001,15.0,40,0.8
Dalandan, Fruit,1 med (120g),60.0,1.0,15.0,0.1,2.0,2.0,20,0.3
Pomelo, Fruit,1 cup (190g),72.0,1.0,18.0,0.2,1.9,1.0,20,0.3
Rambutan, Fruit,5 pieces (100g),68.0,0.9,16.0,0.2,0.9,2.0,8,0.2
Durian, Fruit,1 cup (243g),357.0,3.6,55.375,13.0,4.450000000000001,5.0,20,1.0
Chico, Fruit,1 med (100g),83.0,0.4,20.0,1.1,4.450000000000001,12.0,21,0.8
Atis, Fruit,1 med (100g),94.0,2.0,23.0,0.3,4.4,7.0,24,0.7
Guava, Fruit,1 cup (165g),112.0,4.2,24.0,1.6,4.450000000000001,3.0,30,0.4
Star Apple (Kaimito), Fruit,1 med (100g),67.0,1.0,17.0,0.2,3.3,4.0,15,0.3
Tamarind, Fruit,1 cup (120g),287.0,3.0,55.375,0.6,4.450000000000001,34.0,74,2.8
Bignay, Fruit,1 cup (100g),60.0,1.0,15.0,0.2,2.0,2.0,10,0.2
Aratiles, Fruit,1 cup (100g),60.0,1.0,15.0,0.2,2.0,2.0,10,0.2
Macapuno, Dessert,1/2 cup (60g),90.0,0.5,22.0,0.5,1.0,10.0,8,0.2
Buko Pandan, Dessert,1 cup (200g),180.0,2.0,38.0,4.0,1.2,25.0,15,0.4
Mais con Yelo, Dessert,1 cup (200g),160.0,3.0,36.0,2.0,1.5,20.0,12,0.3
Banana Cue, Snack,1 stick (90g),180.0,1.0,44.0,0.5,2.5,5.0,10,0.3
Camote Cue, Snack,1 stick (90g),160.0,1.0,40.0,0.2,2.8,4.0,12,0.4
Chicharon, Snack,1 cup (30g),160.0,8.0,0.0,14.0,0.0,320.0,10,0.5
Cornick, Snack,1 pack (28g),130.0,2.0,18.0,6.0,1.5,180.0,4,0.3
SkyFlakes, Bread,3 pieces (25g),120.0,2.0,22.0,3.0,0.5,120.0,8,0.3
Fita Crackers, Snack,5 pieces (25g),120.0,2.0,18.0,4.0,0.5,110.0,6,0.2
Egg Pie, Dessert,1 slice (100g),260.0,6.0,38.0,10.0,0.8,120.0,40,1.0
Yema, Dessert,3 pieces (30g),120.0,2.0,24.0,2.0,0.2,20.0,8,0.1
Polvoron, Snack,2 pieces (30g),140.0,2.0,22.0,6.0,0.5,30.0,10,0.2
Pastillas, Snack,3 pieces (30g),110.0,2.0,20.0,3.0,0.2,25.0,12,0.2
Otap, Bread,2 pieces (30g),140.0,2.0,24.0,5.0,0.5,60.0,10,0.2
Mamon, Bread,1 piece (50g),160.0,4.0,26.0,4.0,0.5,80.0,15,0.3
Hopia, Snack,2 pieces (60g),180.0,4.0,32.0,4.0,1.0,90.0,12,0.4
Pianono, Snack,1 slice (40g),120.0,2.0,20.0,3.0,0.5,60.0,8,0.2
Barquillos, Snack,5 sticks (30g),110.0,2.0,22.0,2.0,0.5,30.0,6,0.1
Turones de Mani, Snack,2 pieces (40g),140.0,3.0,24.0,4.0,0.8,40.0,10,0.3
Peanut Butter, Spread,2 tbsp (32g),190.0,7.0,8.0,16.0,2.0,140.0,17,0.6
Mayonnaise, Condiment,1 tbsp (13g),90.0,0.0,1.0,10.0,0.0,70.0,4,0.1
Ketchup, Condiment,1 tbsp (17g),20.0,0.0,5.0,0.0,0.2,160.0,6,0.1
Soy Sauce, Condiment,1 tbsp (15g),10.0,2.0,1.0,0.0,0.1,900.0,2,0.1
Vinegar, Condiment,1 tbsp (15g),3.0,0.0,0.0,0.0,0.0,0.0,1,0.0
Fish Sauce, Condiment,1 tbsp (15g),10.0,2.0,1.0,0.0,0.1,1200.0,2,0.1
Salt, Condiment,1 tsp (6g),0.0,0.0,0.0,0.0,0.0,1694.75,0,0.0
Pepper, Condiment,1 tsp (2g),5.0,0.2,1.0,0.0,0.5,1.0,8,0.1
Sugar, Condiment,1 tbsp (12g),48.0,0.0,12.0,0.0,0.0,0.0,1,0.0
Butter, Spread,1 tbsp (14g),102.0,0.1,0.0,12.0,0.0,91.0,3,0.0
Margarine, Spread,1 tbsp (14g),100.0,0.0,0.0,11.0,0.0,90.0,2,0.0
Sinigang na Baboy,Main Dish,1 cup (250g),180.0,18.0,8.0,9.0,1.5,950.0,40,2.0
Kare-Kare,Main Dish,1 cup (250g),380.0,24.0,14.0,25.974999999999998,2.0,960.0,60,3.0
Halo-Halo,Dessert,1 glass (350g),350.0,6.0,55.375,6.0,4.0,150.0,103,1.5
Laing,Vegetable Dish,1 cup (150g),220.0,5.0,15.0,18.0,3.5,500.0,90,2.5
Lumpiang Shanghai,Snack,2 pieces (60g),130.0,6.0,10.0,7.0,1.0,300.0,20,1.0
Lechon Var1,Main Dish,1 serving,464.0,32.975,5.4,25.974999999999998,0.0,971.0,52,3.5
Bicol Express Var2,Main Dish,1 serving,311.0,15.1,12.5,23.2,2.2,796.0,50,1.7
Adobo Chicken Var3,Main Dish,1 serving,342.0,32.8,15.7,19.0,1.4,1486.0,36,3.2
Puto Var4,Snack,1 serving,70.0,1.7,19.4,1.4,0.2,113.0,43,0.4
Bibingka Var5,Dessert,1 serving,241.0,5.9,51.4,6.6,1.7,307.0,78,1.8
Adobo Chicken Var6,Main Dish,1 serving,351.0,32.975,16.4,17.7,1.2,1504.0,47,2.9
Lechon Var7,Main Dish,1 serving,434.0,32.975,6.2,25.974999999999998,0.4,1037.0,51,3.8
Tinola Var8,Soup,1 serving,194.0,21.9,5.5,6.8,1.9,703.0,53,2.1
Bibingka Var9,Dessert,1 serving,240.0,4.2,51.1,7.7,1.6,324.0,89,2.3
Adobo Chicken Var10,Main Dish,1 serving,316.0,32.975,15.7,21.0,0.9,1484.0,42,2.7
Bicol Express Var11,Main Dish,1 serving,289.0,16.9,13.1,24.1,2.5,778.0,44,2.5
Lechon Var12,Main Dish,1 serving,468.0,32.975,4.4,25.974999999999998,0.4,1040.0,51,3.3
Lechon Var13,Main Dish,1 serving,443.0,32.975,3.4,25.974999999999998,0.4,983.0,53,3.7
Lechon Var14,Main Dish,1 serving,446.0,32.975,6.5,25.974999999999998,0.0,970.0,61,3.7
Bibingka Var15,Dessert,1 serving,247.0,4.3,51.0,7.2,1.6,279.0,76,2.3
Lechon Var16,Main Dish,1 serving,470.0,32.975,5.8,25.974999999999998,0.3,1010.0,62,3.4
Tinola Var17,Soup,1 serving,182.0,21.2,4.1,6.2,1.6,745.0,49,2.0
Lechon Var18,Main Dish,1 serving,459.0,32.975,4.2,25.974999999999998,0.0,967.0,55,3.5
Pinakbet Var19,Vegetable Dish,1 serving,110.0,5.6,18.4,4.5,3.6,561.0,51,2.6
Lechon Var20,Main Dish,1 serving,454.0,32.975,3.7,25.974999999999998,0.0,974.0,52,3.5
Bibingka Var21,Dessert,1 serving,235.0,7.3,51.6,6.0,1.7,279.0,79,1.6
Tinola Var22,Soup,1 serving,170.0,20.0,7.7,7.3,1.5,731.0,64,2.1
Pinakbet Var23,Vegetable Dish,1 serving,114.0,5.4,21.1,3.9,4.450000000000001,551.0,68,2.7
Tinola Var24,Soup,1 serving,188.0,20.8,7.5,7.7,2.0,696.0,60,2.3
Bicol Express Var25,Main Dish,1 serving,293.0,16.3,12.6,24.9,1.8,780.0,58,2.2
Lechon Var26,Main Dish,1 serving,445.0,32.975,3.1,25.974999999999998,0.0,1049.0,66,3.9
Taho Var27,Snack,1 serving,191.0,5.0,30.3,4.2,1.2,106.0,103,1.4
Pinakbet Var28,Vegetable Dish,1 serving,108.0,6.9,18.4,4.4,4.450000000000001,595.0,53,3.0
Tinola Var29,Soup,1 serving,198.0,18.7,7.7,8.7,2.2,733.0,45,2.1
Puto Var30,Snack,1 serving,104.0,0.5,19.5,1.3,0.3,137.0,34,0.6
Taho Var31,Snack,1 serving,163.0,4.5,28.2,4.2,0.8,84.0,103,1.5
Taho Var32,Snack,1 serving,181.0,5.7,29.7,3.0,1.4,49.0,100,1.8
Adobo Pork Var33,Main Dish,1 serving,336.0,32.975,6.7,20.7,0.9,1603.0,40,2.1
Puto Var34,Snack,1 serving,71.0,1.4,18.6,1.2,0.4,95.0,42,0.6
Bicol Express Var35,Main Dish,1 serving,295.0,16.6,10.6,23.1,1.5,804.0,43,1.7
Taho Var36,Snack,1 serving,163.0,6.2,29.5,1.3,1.0,53.0,101,1.1
Lechon Var37,Main Dish,1 serving,440.0,32.975,4.3,25.974999999999998,0.1,991.0,64,3.6
Kutsinta Var38,Snack,1 serving,89.0,2.3,25.3,0.0,0.9,85.0,15,0.6
Lechon Var39,Main Dish,1 serving,431.0,32.975,5.1,25.974999999999998,0.5,1013.0,57,3.3
Kutsinta Var40,Snack,1 serving,113.0,0.4,23.2,0.9,0.5,95.0,16,0.4
Bicol Express Var41,Main Dish,1 serving,282.0,15.3,12.1,25.6,2.4,813.0,57,2.6
Bibingka Var42,Dessert,1 serving,233.0,7.2,48.1,7.8,1.5,339.0,80,2.3
Lechon Var43,Main Dish,1 serving,467.0,32.975,5.3,25.974999999999998,0.0,1038.0,70,4.0
Kutsinta Var44,Snack,1 serving,97.0,1.8,22.6,1.9,0.7,68.0,17,0.9
Lechon Var45,Main Dish,1 serving,452.0,32.975,3.8,25.974999999999998,0.0,977.0,57,3.7
Bicol Express Var46,Main Dish,1 serving,298.0,16.2,13.7,25.1,2.2,842.0,40,2.1
Kutsinta Var47,Snack,1 serving,86.0,0.0,23.6,0.0,0.6,45.0,22,0.7
Bicol Express Var48,Main Dish,1 serving,296.0,13.6,13.5,25.2,2.1,823.0,60,2.0
Tinola Var49,Soup,1 serving,198.0,21.3,4.6,7.9,2.0,668.0,58,1.9
Pinakbet Var50,Vegetable Dish,1 serving,133.0,3.2,19.5,2.5,4.4,650.0,67,2.6
Adobo Chicken Var51,Main Dish,1 serving,336.0,32.975,13.9,17.3,1.7,1484.0,49,2.6
Adobo Chicken Var52,Main Dish,1 serving,319.0,32.975,16.4,18.6,1.5,1474.0,44,2.8
Bicol Express Var53,Main Dish,1 serving,286.0,15.9,13.6,24.7,1.8,812.0,53,2.7
Taho Var54,Snack,1 serving,199.0,6.5,28.5,3.1,0.9,85.0,102,1.3
Adobo Pork Var55,Main Dish,1 serving,358.0,32.975,8.2,22.9,1.3,1636.0,41,2.2
Puto Var56,Snack,1 serving,72.0,3.3,18.3,1.0,0.1,153.0,36,0.9
Lechon Var57,Main Dish,1 serving,461.0,32.975,4.7,25.974999999999998,0.0,1008.0,53,3.2
Bicol Express Var58,Main Dish,1 serving,284.0,14.5,10.7,23.0,1.5,844.0,59,2.5
Kutsinta Var59,Snack,1 serving,84.0,2.9,25.6,0.0,0.4,112.0,20,0.4
Lechon Var60,Main Dish,1 serving,466.0,32.975,6.8,25.974999999999998,0.0,962.0,51,3.9
Taho Var61,Snack,1 serving,179.0,4.7,30.7,2.9,1.2,85.0,96,1.9
Kutsinta Var62,Snack,1 serving,115.0,1.5,22.7,0.6,0.9,41.0,28,0.7
Puto Var63,Snack,1 serving,78.0,2.6,19.4,1.3,0.2,89.0,42,0.4
Lechon Var64,Main Dish,1 serving,433.0,32.975,6.1,25.974999999999998,0.4,1022.0,69,4.0
Lechon Var65,Main Dish,1 serving,430.0,32.975,6.0,25.974999999999998,0.2,1023.0,68,3.4
Adobo Chicken Var66,Main Dish,1 serving,325.0,32.6,14.3,19.3,1.3,1558.0,42,2.6
Puto Var67,Snack,1 serving,95.0,3.2,19.6,1.1,0.8,118.0,49,0.7
Kutsinta Var68,Snack,1 serving,87.0,2.4,25.9,0.0,0.9,69.0,11,0.0
Bicol Express Var69,Main Dish,1 serving,296.0,15.0,11.3,23.6,2.1,818.0,58,2.1
Bicol Express Var70,Main Dish,1 serving,319.0,16.3,10.0,25.8,2.1,816.0,43,2.0
Puto Var71,Snack,1 serving,89.0,1.2,18.0,1.7,0.4,150.0,43,0.8
Pinakbet Var72,Vegetable Dish,1 serving,100.0,4.6,19.0,2.4,4.2,618.0,62,2.6
Kutsinta Var73,Snack,1 serving,94.0,0.0,25.5,1.8,0.6,80.0,21,0.2
Tinola Var74,Soup,1 serving,190.0,21.3,7.6,8.0,2.3,661.0,56,1.5
Adobo Chicken Var75,Main Dish,1 serving,318.0,32.5,16.1,18.2,1.5,1565.0,39,2.7
Taho Var76,Snack,1 serving,170.0,5.4,29.5,2.0,0.6,16.0,94,1.5
Tinola Var77,Soup,1 serving,188.0,21.7,4.8,8.0,1.8,748.0,60,1.6
Pinakbet Var78,Vegetable Dish,1 serving,116.0,5.0,21.6,4.5,3.9,613.0,55,2.9
Kutsinta Var79,Snack,1 serving,103.0,0.0,24.6,0.0,0.3,118.0,27,0.2
Adobo Chicken Var80,Main Dish,1 serving,315.0,32.975,16.9,17.7,1.3,1490.0,42,3.2
Kutsinta Var81,Snack,1 serving,119.0,1.0,24.7,0.0,0.5,121.0,10,0.8
Adobo Chicken Var82,Main Dish,1 serving,321.0,32.5,16.3,19.9,0.7,1499.0,36,2.9
Lechon Var83,Main Dish,1 serving,456.0,32.975,6.0,25.974999999999998,0.0,968.0,50,3.7
Kutsinta Var84,Snack,1 serving,101.0,0.8,25.1,0.9,0.9,46.0,21,0.5
Tinola Var85,Soup,1 serving,162.0,19.3,5.6,6.1,2.4,685.0,60,2.4
Taho Var86,Snack,1 serving,190.0,6.3,31.3,4.7,0.9,14.0,92,1.8
Puto Var87,Snack,1 serving,101.0,0.4,18.4,2.5,0.3,163.0,47,1.2
Adobo Chicken Var88,Main Dish,1 serving,339.0,32.975,16.0,20.9,0.9,1537.0,49,3.3
Adobo Pork Var89,Main Dish,1 serving,341.0,30.8,8.0,23.6,1.3,1552.0,46,2.2
Tinola Var90,Soup,1 serving,174.0,21.8,5.0,8.7,2.2,706.0,48,2.4
Kutsinta Var91,Snack,1 serving,87.0,0.0,24.4,1.0,0.5,43.0,26,0.8
Lechon Var92,Main Dish,1 serving,469.0,32.975,5.6,25.974999999999998,0.2,977.0,64,3.2
Tinola Var93,Soup,1 serving,194.0,21.0,7.0,8.5,2.3,706.0,57,1.9
Adobo Pork Var94,Main Dish,1 serving,342.0,31.7,9.5,20.5,1.0,1557.0,49,2.6
Adobo Chicken Var95,Main Dish,1 serving,353.0,32.975,14.4,18.7,1.2,1558.0,51,2.7
Bicol Express Var96,Main Dish,1 serving,298.0,15.1,10.4,24.4,1.8,777.0,44,1.8
Lechon Var97,Main Dish,1 serving,470.0,32.975,6.3,25.974999999999998,0.0,1021.0,50,3.5
Adobo Chicken Var98,Main Dish,1 serving,332.0,32.975,16.6,19.6,1.7,1514.0,46,3.2
Pinakbet Var99,Vegetable Dish,1 serving,109.0,3.6,21.4,2.9,4.2,640.0,61,3.4
Tinola Var100,Soup,1 serving,175.0,20.4,4.5,9.3,2.1,715.0,50,2.4
Adobo Pork Var101,Main Dish,1 serving,370.0,32.975,7.5,23.3,0.5,1552.0,48,2.2
Lechon Var102,Main Dish,1 serving,458.0,32.975,5.6,25.974999999999998,0.1,974.0,66,3.2
Pinakbet Var103,Vegetable Dish,1 serving,118.0,3.7,19.2,4.2,3.7,563.0,52,3.5
Tinola Var104,Soup,1 serving,191.0,20.8,5.7,8.1,2.4,715.0,65,1.5
Adobo Pork Var105,Main Dish,1 serving,348.0,32.975,9.3,22.5,1.4,1637.0,46,2.3
Puto Var106,Snack,1 serving,90.0,2.5,17.1,0.0,0.5,133.0,45,0.7
Tinola Var107,Soup,1 serving,187.0,19.7,5.9,9.2,2.0,693.0,65,2.3
Tinola Var108,Soup,1 serving,190.0,20.7,7.0,7.9,2.4,682.0,48,1.8
Kutsinta Var109,Snack,1 serving,103.0,1.2,24.0,0.9,0.8,72.0,18,0.7
Pinakbet Var110,Vegetable Dish,1 serving,126.0,4.9,21.2,2.1,4.2,607.0,57,3.0
Adobo Chicken Var111,Main Dish,1 serving,351.0,32.975,13.4,20.4,1.4,1482.0,49,3.2
Puto Var112,Snack,1 serving,71.0,0.2,20.2,2.5,0.6,139.0,35,1.1
Taho Var113,Snack,1 serving,194.0,6.8,30.9,2.9,0.5,108.0,102,1.4
Bicol Express Var114,Main Dish,1 serving,314.0,14.6,11.9,23.8,1.7,779.0,51,2.2
Bicol Express Var115,Main Dish,1 serving,319.0,13.6,11.8,25.4,1.7,768.0,49,1.9
Puto Var116,Snack,1 serving,71.0,0.8,20.3,2.0,0.8,153.0,38,0.8
Lechon Var117,Main Dish,1 serving,447.0,32.975,6.9,25.974999999999998,0.1,1012.0,62,3.1
Tinola Var118,Soup,1 serving,192.0,20.5,5.0,8.5,2.1,713.0,60,2.3
Lechon Var119,Main Dish,1 serving,469.0,32.975,4.3,25.974999999999998,0.0,1023.0,57,3.3
Bibingka Var120,Dessert,1 serving,245.0,7.6,50.2,5.1,2.2,322.0,74,2.2
Kutsinta Var121,Snack,1 serving,100.0,1.6,22.7,0.3,0.0,80.0,21,0.8
Tinola Var122,Soup,1 serving,173.0,19.2,5.0,9.7,2.2,665.0,54,1.6
Taho Var123,Snack,1 serving,171.0,3.1,28.5,3.2,0.7,96.0,98,1.7
Taho Var124,Snack,1 serving,164.0,4.5,28.7,1.3,1.0,24.0,103,1.1
Adobo Chicken Var125,Main Dish,1 serving,320.0,32.975,16.2,20.0,1.4,1563.0,40,2.5
Adobo Pork Var126,Main Dish,1 serving,353.0,30.4,7.3,22.7,1.0,1635.0,49,2.3
Tinola Var127,Soup,1 serving,170.0,21.9,4.9,6.6,1.6,685.0,61,1.8
Lechon Var128,Main Dish,1 serving,436.0,32.975,4.9,25.974999999999998,0.0,975.0,53,3.2
Adobo Chicken Var129,Main Dish,1 serving,321.0,32.975,16.9,19.6,1.0,1471.0,45,2.6
Taho Var130,Snack,1 serving,196.0,5.2,28.7,1.0,1.1,76.0,93,1.5
Adobo Pork Var131,Main Dish,1 serving,336.0,32.975,8.5,23.9,1.0,1562.0,33,2.3
Lechon Var132,Main Dish,1 serving,464.0,32.975,3.5,25.974999999999998,0.2,1037.0,64,3.4
Taho Var133,Snack,1 serving,172.0,5.4,28.9,2.7,1.2,28.0,96,1.6
Kutsinta Var134,Snack,1 serving,93.0,2.6,22.3,1.4,0.4,64.0,16,0.4
Tinola Var135,Soup,1 serving,160.0,19.2,7.2,8.7,1.7,702.0,59,1.5
Bicol Express Var136,Main Dish,1 serving,294.0,16.8,10.3,25.2,2.0,768.0,43,2.0
Bicol Express Var137,Main Dish,1 serving,283.0,16.1,13.1,25.4,1.9,821.0,44,1.8
Pinakbet Var138,Vegetable Dish,1 serving,124.0,6.7,19.8,2.4,4.4,565.0,61,3.4
Bibingka Var139,Dessert,1 serving,231.0,6.9,51.4,6.7,1.9,252.0,71,1.8
Bicol Express Var140,Main Dish,1 serving,305.0,14.7,13.4,25.974999999999998,2.5,844.0,60,1.7
Lechon Var141,Main Dish,1 serving,445.0,32.975,4.0,25.974999999999998,0.2,958.0,64,3.3
Tinola Var142,Soup,1 serving,189.0,21.3,4.0,7.2,2.1,712.0,60,2.4
Adobo Chicken Var143,Main Dish,1 serving,344.0,32.975,16.9,19.6,1.6,1500.0,38,2.9
Adobo Pork Var144,Main Dish,1 serving,356.0,32.8,8.4,20.4,0.8,1564.0,42,2.2
Kutsinta Var145,Snack,1 serving,117.0,2.8,23.1,2.0,0.9,135.0,24,0.4
Adobo Pork Var146,Main Dish,1 serving,357.0,32.975,7.9,20.6,1.1,1589.0,38,2.7
Tinola Var147,Soup,1 serving,169.0,21.6,5.6,7.0,1.8,735.0,46,2.1
Bicol Express Var148,Main Dish,1 serving,318.0,16.0,12.5,25.974999999999998,2.2,797.0,55,2.5
Adobo Chicken #1,Main Dish,1 serving,346.0,32.975,15.9,17.7,1.1,1485.0,40,2.8
Champorado #2,Breakfast,1 serving,215.0,5.4,47.2,1.5,1.5,174.0,21,0.8
Kwek-Kwek #3,Street Food,1 serving,190.0,4.0,19.0,7.2,1.3,356.0,28,0.8
Champorado #4,Breakfast,1 serving,211.0,6.0,53.0,3.2,2.3,152.0,30,1.3
Adobo Pork #5,Main Dish,1 serving,331.0,32.7,8.1,20.8,1.2,1596.0,37,2.3
Adobo Pork #6,Main Dish,1 serving,332.0,31.4,8.1,21.0,1.4,1637.0,31,2.7
Pancit Canton #7,Noodle Dish,1 serving,300.0,9.2,38.2,8.5,2.0,588.0,39,1.5
Kwek-Kwek #8,Street Food,1 serving,172.0,5.2,22.5,10.5,0.9,370.0,28,1.6
Tinola #9,Soup,1 serving,195.0,20.1,6.5,7.6,2.2,720.0,62,1.9
Pancit Canton #10,Noodle Dish,1 serving,285.0,11.3,39.8,6.4,2.0,598.0,54,1.7
Champorado #11,Breakfast,1 serving,219.0,4.2,49.2,3.3,2.0,158.0,36,1.4
Kutsinta #12,Snack,1 serving,88.0,2.8,22.8,2.1,0.2,140.0,30,0.6
Puto #13,Snack,1 serving,108.0,0.6,19.5,1.5,0.2,167.0,41,0.5
Adobo Chicken #14,Main Dish,1 serving,321.0,32.975,16.3,18.8,1.0,1496.0,40,2.6
Pancit Canton #15,Noodle Dish,1 serving,274.0,9.4,41.1,9.5,1.8,552.0,49,1.5
Pinakbet #16,Vegetable Dish,1 serving,131.0,4.7,20.5,1.1,4.4,615.0,50,2.6
Arroz Caldo #17,Breakfast,1 serving,256.0,11.0,32.8,6.8,1.0,742.0,32,2.4
Adobo Chicken #18,Main Dish,1 serving,332.0,32.975,12.8,20.7,1.7,1487.0,46,3.3
Sinigang na Baboy #19,Main Dish,1 serving,190.0,19.4,8.9,8.1,1.3,936.0,36,2.2
Kare-Kare #20,Main Dish,1 serving,362.0,25.0,16.9,25.974999999999998,1.6,950.0,57,2.5
Bicol Express #21,Main Dish,1 serving,302.0,15.5,11.3,25.9,1.8,817.0,41,2.2
Turon #22,Dessert,1 serving,153.0,3.7,27.3,6.8,1.0,118.0,22,0.9
Champorado #23,Breakfast,1 serving,228.0,4.9,50.6,1.7,2.1,192.0,39,0.7
Sinigang na Baboy #24,Main Dish,1 serving,195.0,17.9,7.1,7.8,1.9,936.0,40,1.6
Balut #25,Street Food,1 serving,202.0,12.7,4.0,15.0,0.0,108.0,94,2.2
Adobo Chicken #26,Main Dish,1 serving,354.0,32.975,17.8,21.0,1.2,1484.0,53,2.6
Kwek-Kwek #27,Street Food,1 serving,191.0,4.9,20.9,8.9,0.9,333.0,35,1.0
Lechon #28,Main Dish,1 serving,439.0,32.975,7.5,25.974999999999998,0.3,963.0,68,3.7
Champorado #29,Breakfast,1 serving,221.0,6.8,51.2,1.5,1.5,137.0,20,1.6
Lumpiang Shanghai #30,Snack,1 serving,117.0,4.8,11.9,5.2,1.1,303.0,15,1.5
Sinigang na Baboy #31,Main Dish,1 serving,169.0,16.3,7.7,10.8,1.4,904.0,41,1.5
Pancit Canton #32,Noodle Dish,1 serving,276.0,10.9,40.7,9.8,1.6,583.0,46,1.9
Fishball #33,Street Food,1 serving,114.0,4.9,16.5,4.1,1.2,307.0,11,0.8
Adobo Pork #34,Main Dish,1 serving,336.0,31.1,6.5,23.2,1.4,1565.0,48,2.9
Isaw #35,Street Food,1 serving,77.0,9.2,2.9,5.4,0.0,365.0,15,1.1
Bicol Express #36,Main Dish,1 serving,285.0,14.2,13.6,25.5,2.3,767.0,49,2.1
Kare-Kare #37,Main Dish,1 serving,377.0,25.1,14.9,25.974999999999998,1.7,926.0,55,3.4
Taho #38,Snack,1 serving,183.0,4.6,32.7,1.9,1.4,83.0,101,1.3
Sinigang na Baboy #39,Main Dish,1 serving,168.0,19.1,10.5,7.6,1.5,983.0,41,2.1
Adobo Pork #40,Main Dish,1 serving,358.0,30.6,8.1,22.8,0.9,1550.0,42,2.1
Pancit Canton #41,Noodle Dish,1 serving,278.0,9.6,41.5,9.4,2.2,558.0,36,1.3
Halo-Halo #42,Dessert,1 serving,337.0,6.8,55.375,6.9,4.450000000000001,148.0,103,1.0
Isaw #43,Street Food,1 serving,110.0,7.3,0.0,6.3,0.1,382.0,13,0.6
Kare-Kare #44,Main Dish,1 serving,399.0,25.1,16.3,25.8,1.6,991.0,62,2.5
Adobo Chicken #45,Main Dish,1 serving,329.0,32.975,16.2,19.4,1.5,1487.0,45,2.8
Lumpiang Shanghai #46,Snack,1 serving,111.0,7.0,12.7,6.7,1.0,304.0,28,0.7
Balut #47,Street Food,1 serving,201.0,13.0,2.6,13.6,0.3,99.0,103,3.0
Pancit Canton #48,Noodle Dish,1 serving,279.0,10.0,38.8,9.9,2.3,619.0,41,1.8
Bicol Express #49,Main Dish,1 serving,314.0,16.9,12.2,25.3,1.6,778.0,43,2.3
Champorado #50,Breakfast,1 serving,212.0,6.4,50.2,5.0,2.3,135.0,32,1.6
Arroz Caldo #51,Breakfast,1 serving,263.0,11.2,33.5,6.4,1.3,730.0,33,1.6
Laing #52,Vegetable Dish,1 serving,221.0,6.2,15.6,17.8,3.7,458.0,83,2.3
Goto #53,Breakfast,1 serving,203.0,9.5,36.5,2.5,2.0,568.0,33,1.3
Pinakbet #54,Vegetable Dish,1 serving,123.0,6.6,18.0,2.7,4.4,618.0,68,3.0
Balut #55,Street Food,1 serving,186.0,13.9,0.2,12.1,0.3,117.0,103,2.2
Fishball #56,Street Food,1 serving,135.0,3.9,12.8,3.9,0.6,311.0,28,0.4
Sinigang na Baboy #57,Main Dish,1 serving,199.0,19.2,10.7,9.6,1.4,960.0,43,2.0
Bibingka #58,Dessert,1 serving,261.0,5.0,47.3,7.1,1.7,259.0,76,2.0
Taho #59,Snack,1 serving,167.0,3.9,30.5,3.1,1.1,40.0,103,1.6
Tinola #60,Soup,1 serving,186.0,20.3,3.5,6.4,2.3,729.0,45,1.9
Champorado #61,Breakfast,1 serving,238.0,3.2,52.3,1.3,2.1,179.0,24,1.0
Tinola #62,Soup,1 serving,175.0,20.8,3.4,6.0,2.0,744.0,51,1.8
Fishball #63,Street Food,1 serving,103.0,4.6,13.5,6.5,0.7,336.0,17,1.3
Goto #64,Breakfast,1 serving,215.0,11.6,37.7,3.1,1.5,572.0,33,1.1
Puto #65,Snack,1 serving,97.0,1.9,18.0,0.0,0.1,133.0,48,0.3
Pancit Canton #66,Noodle Dish,1 serving,271.0,10.6,39.1,8.8,2.0,559.0,43,1.7
Tinola #67,Soup,1 serving,186.0,19.5,5.2,7.3,1.8,682.0,63,2.1
Palabok #68,Noodle Dish,1 serving,308.0,15.0,44.5,9.2,3.4,752.0,52,2.7
Halo-Halo #69,Dessert,1 serving,352.0,4.1,55.375,7.4,3.9,153.0,103,1.3
Taho #70,Snack,1 serving,184.0,5.3,28.6,4.9,1.4,104.0,95,1.3
Goto #71,Breakfast,1 serving,207.0,11.0,37.0,2.4,1.1,568.0,23,1.0
Lumpiang Shanghai #72,Snack,1 serving,129.0,6.4,11.8,5.7,1.4,321.0,25,1.4
Lumpiang Shanghai #73,Snack,1 serving,149.0,4.8,8.4,7.7,1.0,250.0,23,1.0
Laing #74,Vegetable Dish,1 serving,225.0,6.8,15.5,19.9,3.1,480.0,88,2.5
Puto #75,Snack,1 serving,80.0,2.5,17.3,0.0,0.2,148.0,33,0.3
Kare-Kare #76,Main Dish,1 serving,394.0,22.9,17.0,25.974999999999998,2.5,975.0,57,2.8
Pinakbet #77,Vegetable Dish,1 serving,114.0,4.9,22.1,3.3,3.6,621.0,53,3.1
Lumpiang Shanghai #78,Snack,1 serving,111.0,4.2,8.5,5.8,0.5,344.0,27,1.4
Fishball #79,Street Food,1 serving,107.0,3.7,15.3,4.1,0.7,255.0,26,1.2
Halo-Halo #80,Dessert,1 serving,359.0,6.9,55.375,6.5,3.6,120.0,103,1.8
Isaw #81,Street Food,1 serving,105.0,7.2,0.6,6.0,0.0,398.0,5,1.3
Taho #82,Snack,1 serving,183.0,3.2,30.7,1.6,0.6,43.0,103,1.1
Goto #83,Breakfast,1 serving,215.0,10.1,34.1,4.5,1.4,586.0,38,1.8
Taho #84,Snack,1 serving,191.0,4.6,27.7,3.8,1.3,89.0,98,1.0
Bibingka #85,Dessert,1 serving,253.0,6.7,47.8,4.9,1.7,344.0,84,1.9
Balut #86,Street Food,1 serving,186.0,13.8,3.4,11.4,0.0,84.0,97,2.2
Pancit Canton #87,Noodle Dish,1 serving,287.0,8.3,40.1,6.7,2.1,565.0,38,1.3
Kutsinta #88,Snack,1 serving,82.0,1.1,25.3,0.0,0.1,76.0,11,0.8
Champorado #89,Breakfast,1 serving,219.0,6.7,47.6,2.3,2.4,162.0,20,1.4
Pinakbet #90,Vegetable Dish,1 serving,126.0,3.6,22.6,4.2,3.5,557.0,67,3.2
Isaw #91,Street Food,1 serving,83.0,9.7,2.1,4.4,0.1,417.0,20,1.0
Lumpiang Shanghai #92,Snack,1 serving,129.0,5.2,9.4,8.5,0.7,279.0,24,1.0
Halo-Halo #93,Dessert,1 serving,365.0,4.2,55.375,7.5,3.9,109.0,103,1.5
Laing #94,Vegetable Dish,1 serving,222.0,3.6,18.0,19.5,3.4,520.0,93,2.7
Arroz Caldo #95,Breakfast,1 serving,257.0,13.1,34.5,4.1,1.2,666.0,46,1.7
Champorado #96,Breakfast,1 serving,231.0,5.4,52.7,3.9,1.9,193.0,35,0.7
Taho #97,Snack,1 serving,172.0,5.6,30.2,4.8,0.9,48.0,95,1.3
Pancit Canton #98,Noodle Dish,1 serving,263.0,10.6,38.8,8.4,1.7,602.0,38,1.9
Adobo Chicken #99,Main Dish,1 serving,354.0,32.975,16.7,17.2,1.1,1547.0,49,3.3
Fishball #100,Street Food,1 serving,108.0,2.8,15.0,6.9,1.1,350.0,20,0.8
Pinakbet #101,Vegetable Dish,1 serving,138.0,4.0,21.3,1.0,3.9,617.0,63,3.5
Laing #102,Vegetable Dish,1 serving,232.0,6.9,13.1,19.7,3.0,489.0,97,2.2
Palabok #103,Noodle Dish,1 serving,318.0,16.1,46.6,8.5,3.5,802.0,46,2.7
Adobo Chicken #104,Main Dish,1 serving,335.0,32.975,14.1,18.7,0.7,1534.0,54,2.7
Lumpiang Shanghai #105,Snack,1 serving,132.0,4.4,8.5,8.5,0.8,304.0,25,0.8
Kutsinta #106,Snack,1 serving,112.0,2.4,23.3,1.4,0.4,97.0,17,0.0
Adobo Chicken #107,Main Dish,1 serving,337.0,32.6,16.0,19.6,1.5,1496.0,38,2.4
Lumpiang Shanghai #108,Snack,1 serving,124.0,7.3,9.2,7.7,0.9,307.0,30,0.8
Pinakbet #109,Vegetable Dish,1 serving,123.0,5.2,19.8,1.6,3.6,613.0,70,2.9
Halo-Halo #110,Dessert,1 serving,344.0,5.0,55.375,7.4,4.4,138.0,103,1.9
Pinakbet #111,Vegetable Dish,1 serving,105.0,4.1,18.2,1.4,4.4,605.0,65,3.1
Kutsinta #112,Snack,1 serving,113.0,0.6,25.1,2.3,0.4,70.0,24,0.4
Halo-Halo #113,Dessert,1 serving,347.0,4.1,55.375,7.3,3.7,191.0,103,1.8
Lumpiang Shanghai #114,Snack,1 serving,124.0,4.3,9.8,6.4,1.1,275.0,27,0.9
Goto #115,Breakfast,1 serving,195.0,9.5,32.8,4.2,1.7,617.0,24,1.9
Lumpiang Shanghai #116,Snack,1 serving,124.0,7.0,12.7,5.6,0.6,345.0,18,1.5
Champorado #117,Breakfast,1 serving,218.0,6.5,50.0,3.3,1.7,134.0,40,1.5
Balut #118,Street Food,1 serving,168.0,13.2,0.0,11.9,0.0,97.0,96,2.5
Turon #119,Dessert,1 serving,142.0,2.2,29.5,6.1,1.6,124.0,23,0.3
Adobo Pork #120,Main Dish,1 serving,349.0,30.8,9.7,23.9,1.0,1552.0,45,2.4
Pancit Canton #121,Noodle Dish,1 serving,284.0,10.7,41.8,6.0,2.4,558.0,51,1.6
Arroz Caldo #122,Breakfast,1 serving,258.0,11.1,34.3,4.0,1.3,682.0,47,2.4
Champorado #123,Breakfast,1 serving,217.0,6.6,51.6,3.8,1.8,191.0,39,1.6
Kwek-Kwek #124,Street Food,1 serving,184.0,6.5,20.6,7.7,0.8,388.0,25,1.3
Halo-Halo #125,Dessert,1 serving,337.0,7.6,55.375,5.6,4.0,109.0,103,1.7
Arroz Caldo #126,Breakfast,1 serving,261.0,11.7,34.5,7.2,1.3,748.0,49,2.5
Halo-Halo #127,Dessert,1 serving,340.0,5.3,55.375,5.6,4.4,135.0,103,1.8
Balut #128,Street Food,1 serving,201.0,14.9,0.7,11.9,0.0,98.0,99,2.0
Arroz Caldo #129,Breakfast,1 serving,233.0,10.2,36.3,7.6,1.2,696.0,33,2.2
Pinakbet #130,Vegetable Dish,1 serving,122.0,3.0,21.8,4.2,4.2,588.0,69,3.2
Adobo Chicken #131,Main Dish,1 serving,343.0,32.975,16.0,20.7,1.0,1515.0,50,2.9
Pinakbet #132,Vegetable Dish,1 serving,122.0,5.2,22.7,2.9,3.9,603.0,57,3.1
Sinigang na Baboy #133,Main Dish,1 serving,184.0,16.4,7.2,7.9,1.1,973.0,42,1.7
Tinola #134,Soup,1 serving,176.0,21.3,6.9,9.2,1.8,665.0,45,2.3
Adobo Chicken #135,Main Dish,1 serving,350.0,32.975,12.3,19.0,1.5,1477.0,54,2.5
Sinigang na Baboy #136,Main Dish,1 serving,197.0,16.9,8.9,8.4,1.8,924.0,44,2.4
Adobo Pork #137,Main Dish,1 serving,338.0,32.3,10.9,22.8,1.1,1569.0,44,2.1
Taho #138,Snack,1 serving,169.0,4.6,27.3,2.3,0.6,72.0,103,1.4
Puto #139,Snack,1 serving,79.0,3.5,18.1,2.1,0.8,131.0,42,1.1
Puto #140,Snack,1 serving,85.0,3.0,16.4,0.0,0.1,107.0,49,1.0
Lechon #141,Main Dish,1 serving,458.0,32.975,7.9,25.974999999999998,0.2,963.0,58,3.7
Sinigang na Baboy #142,Main Dish,1 serving,189.0,16.7,10.0,8.4,1.5,968.0,50,2.0
Kwek-Kwek #143,Street Food,1 serving,175.0,5.1,17.7,7.6,1.0,329.0,26,1.0
Palabok #144,Noodle Dish,1 serving,304.0,16.6,46.8,11.1,2.9,764.0,57,2.5
Champorado #145,Breakfast,1 serving,245.0,6.2,51.2,1.3,1.8,123.0,32,1.3
Kare-Kare #146,Main Dish,1 serving,398.0,25.2,12.7,25.974999999999998,2.1,931.0,64,3.1
Isaw #147,Street Food,1 serving,105.0,7.5,2.6,4.0,0.2,387.0,23,1.0
Halo-Halo #148,Dessert,1 serving,335.0,4.3,55.375,6.0,4.1,152.0,103,1.3
Adobo Pork #149,Main Dish,1 serving,335.0,30.4,5.9,22.0,1.3,1633.0,41,2.3
Champorado #150,Breakfast,1 serving,225.0,6.8,49.0,3.7,1.9,111.0,23,1.5
Laing #151,Vegetable Dish,1 serving,234.0,6.2,17.0,19.5,3.3,478.0,96,2.5
Bicol Express #152,Main Dish,1 serving,285.0,16.6,13.0,25.974999999999998,2.4,768.0,48,2.4
Isaw #153,Street Food,1 serving,70.0,8.2,3.6,4.8,0.3,422.0,18,1.4
Champorado #154,Breakfast,1 serving,211.0,4.0,52.2,4.3,1.6,106.0,26,0.8
Bicol Express #155,Main Dish,1 serving,296.0,13.4,10.4,24.6,1.6,765.0,50,2.5
Tinola #156,Soup,1 serving,174.0,18.5,7.0,9.3,1.9,739.0,55,2.2
Kare-Kare #157,Main Dish,1 serving,373.0,24.8,12.8,25.5,1.9,930.0,69,3.1
Tinola #158,Soup,1 serving,198.0,21.3,8.0,9.1,1.5,708.0,57,1.6
Taho #159,Snack,1 serving,185.0,5.3,29.9,1.1,1.3,18.0,93,2.0
Sinigang na Baboy #160,Main Dish,1 serving,169.0,19.6,8.6,7.8,1.5,977.0,46,1.7
Puto #161,Snack,1 serving,97.0,2.7,17.4,1.8,0.6,89.0,39,0.5
Pinakbet #162,Vegetable Dish,1 serving,128.0,6.0,19.4,1.7,3.7,563.0,69,3.2
Balut #163,Street Food,1 serving,206.0,12.1,0.8,13.1,0.1,110.0,96,2.7
Bibingka #164,Dessert,1 serving,232.0,7.2,51.1,4.9,1.9,263.0,89,2.2
Sinigang na Baboy #165,Main Dish,1 serving,161.0,17.4,5.8,10.7,1.2,985.0,35,2.4
Isaw #166,Street Food,1 serving,88.0,8.1,3.4,5.4,0.0,364.0,13,1.1
Goto #167,Breakfast,1 serving,195.0,9.0,36.6,3.6,2.0,565.0,36,1.3
Adobo Chicken #168,Main Dish,1 serving,316.0,32.6,16.1,19.5,1.4,1548.0,55,2.6
Taho #169,Snack,1 serving,178.0,5.8,32.6,3.4,0.5,50.0,103,1.2
Pancit Canton #170,Noodle Dish,1 serving,266.0,10.9,41.2,6.5,2.5,559.0,54,2.3
Lumpiang Shanghai #171,Snack,1 serving,134.0,7.9,10.5,6.1,1.2,317.0,27,0.7
Taho #172,Snack,1 serving,194.0,5.7,28.6,3.5,1.0,32.0,93,1.2
Kwek-Kwek #173,Street Food,1 serving,199.0,6.3,20.4,8.8,1.5,390.0,30,1.2
Palabok #174,Noodle Dish,1 serving,306.0,13.1,42.1,10.2,3.3,828.0,54,2.1
Bibingka #175,Dessert,1 serving,243.0,5.2,47.9,4.6,2.1,269.0,86,2.3
Adobo Pork #176,Main Dish,1 serving,335.0,32.975,9.3,20.5,0.7,1646.0,41,2.1
Laing #177,Vegetable Dish,1 serving,206.0,6.6,17.2,17.4,3.7,457.0,92,2.2
Lumpiang Shanghai #178,Snack,1 serving,114.0,6.8,12.2,7.4,0.9,345.0,21,0.8
Goto #179,Breakfast,1 serving,180.0,9.9,36.8,2.5,1.8,575.0,24,1.6
Sinigang na Baboy #180,Main Dish,1 serving,200.0,17.4,9.0,9.6,1.8,901.0,37,1.5
Kutsinta #181,Snack,1 serving,116.0,0.9,26.8,2.1,0.9,102.0,14,0.9
Champorado #182,Breakfast,1 serving,227.0,4.2,48.4,2.8,1.7,128.0,35,1.7
Pancit Bihon #183,Noodle Dish,1 serving,273.0,7.7,43.5,5.5,2.2,558.0,31,1.1
Lechon #184,Main Dish,1 serving,441.0,32.975,2.6,25.974999999999998,0.2,1050.0,50,3.7
Arroz Caldo #185,Breakfast,1 serving,260.0,11.8,35.2,7.3,1.1,677.0,48,1.9
Laing #186,Vegetable Dish,1 serving,207.0,4.7,12.6,20.0,3.7,483.0,89,3.0
Kutsinta #187,Snack,1 serving,98.0,1.7,24.9,1.0,0.1,96.0,16,0.0
Fishball #188,Street Food,1 serving,124.0,2.4,14.9,3.8,1.0,335.0,18,0.5
Pancit Bihon #189,Noodle Dish,1 serving,244.0,8.4,40.4,5.3,1.8,553.0,33,1.5
Fishball #190,Street Food,1 serving,110.0,5.1,12.9,5.9,0.6,265.0,30,0.8
Lumpiang Shanghai #191,Snack,1 serving,147.0,7.1,12.8,8.2,0.9,327.0,18,0.9
Kwek-Kwek #192,Street Food,1 serving,197.0,4.6,20.9,9.9,1.0,355.0,22,1.3
Adobo Chicken #193,Main Dish,1 serving,347.0,32.975,13.0,17.6,1.6,1531.0,50,2.5
Balut #194,Street Food,1 serving,184.0,15.6,2.0,11.8,0.0,155.0,103,2.7
Pancit Bihon #195,Noodle Dish,1 serving,240.0,7.5,45.0,7.4,2.2,580.0,45,1.0
Isaw #196,Street Food,1 serving,83.0,8.7,3.9,4.8,0.3,411.0,17,0.7
Laing #197,Vegetable Dish,1 serving,229.0,6.5,17.0,19.8,3.0,476.0,86,2.0
Taho #198,Snack,1 serving,194.0,3.3,31.3,2.9,1.2,10.0,94,1.2
Lumpiang Shanghai #199,Snack,1 serving,149.0,7.1,10.5,5.4,0.5,290.0,26,1.2
Bicol Express #200,Main Dish,1 serving,316.0,14.5,10.2,25.2,2.1,844.0,58,2.6
Tinola #201,Soup,1 serving,177.0,21.4,7.0,8.9,1.6,709.0,59,1.5
Bibingka #202,Dessert,1 serving,255.0,7.2,51.6,7.7,2.3,305.0,77,1.8
Adobo Chicken #203,Main Dish,1 serving,343.0,32.975,15.0,19.1,1.2,1561.0,45,3.0
Puto #204,Snack,1 serving,101.0,1.3,18.6,0.1,0.6,120.0,42,1.0
Arroz Caldo #205,Breakfast,1 serving,247.0,13.0,36.4,5.2,1.4,654.0,47,1.6
Halo-Halo #206,Dessert,1 serving,336.0,7.9,55.375,4.6,3.7,128.0,103,1.2
Bicol Express #207,Main Dish,1 serving,297.0,14.4,10.5,25.974999999999998,1.7,777.0,49,2.6
Kwek-Kwek #208,Street Food,1 serving,189.0,4.1,18.6,9.4,1.4,388.0,20,1.3
Halo-Halo #209,Dessert,1 serving,355.0,6.7,55.375,6.2,3.9,167.0,103,1.5
Lumpiang Shanghai #210,Snack,1 serving,110.0,5.2,8.6,8.7,0.8,261.0,19,0.9
Isaw #211,Street Food,1 serving,110.0,10.0,3.6,5.9,0.1,364.0,9,1.1
Adobo Pork #212,Main Dish,1 serving,363.0,32.975,7.9,21.1,1.2,1647.0,38,2.4
Laing #213,Vegetable Dish,1 serving,211.0,6.5,16.6,19.1,3.6,450.0,96,2.5
Puto #214,Snack,1 serving,88.0,0.1,17.6,0.0,0.5,113.0,42,1.1
Pancit Bihon #215,Noodle Dish,1 serving,241.0,8.1,44.9,6.4,2.2,520.0,39,1.7
Champorado #216,Breakfast,1 serving,227.0,6.2,52.1,1.8,1.9,105.0,36,1.1
Goto #217,Breakfast,1 serving,195.0,11.7,33.8,3.3,1.2,552.0,28,1.8
Fishball #218,Street Food,1 serving,116.0,3.4,15.6,3.9,0.7,300.0,30,0.3
Turon #219,Dessert,1 serving,154.0,2.0,30.2,6.4,1.3,142.0,16,0.3
Palabok #220,Noodle Dish,1 serving,320.0,14.8,46.4,10.3,2.7,842.0,47,2.1
Fishball #221,Street Food,1 serving,102.0,3.7,15.2,3.5,1.2,284.0,24,0.6
Kare-Kare #222,Main Dish,1 serving,388.0,24.1,16.1,25.974999999999998,2.4,927.0,63,2.7
Kare-Kare #223,Main Dish,1 serving,360.0,23.0,14.7,25.974999999999998,1.8,945.0,58,3.4
Bicol Express #224,Main Dish,1 serving,313.0,14.5,14.0,25.974999999999998,1.7,837.0,45,1.9
Turon #225,Dessert,1 serving,155.0,0.9,32.5,3.1,1.2,79.0,23,0.6
Puto #226,Snack,1 serving,95.0,3.9,21.5,2.4,0.8,127.0,45,0.7
Palabok #227,Noodle Dish,1 serving,339.0,13.5,47.0,9.2,3.4,835.0,44,2.1
Pancit Canton #228,Noodle Dish,1 serving,298.0,9.1,41.4,7.7,1.7,618.0,43,1.8
Tinola #229,Soup,1 serving,163.0,21.0,5.5,9.3,1.8,710.0,65,1.6
Adobo Pork #230,Main Dish,1 serving,363.0,32.975,9.1,21.8,1.4,1645.0,46,2.6
Halo-Halo #231,Dessert,1 serving,352.0,4.8,55.375,4.9,3.7,169.0,103,1.5
Tinola #232,Soup,1 serving,198.0,21.2,4.3,6.9,1.6,732.0,45,1.9
Kare-Kare #233,Main Dish,1 serving,379.0,23.7,12.4,25.974999999999998,2.4,920.0,56,3.2
Turon #234,Dessert,1 serving,169.0,0.8,28.1,5.4,1.1,81.0,35,1.1
Adobo Chicken #235,Main Dish,1 serving,343.0,32.1,14.9,20.9,1.7,1512.0,51,2.9
Balut #236,Street Food,1 serving,183.0,14.9,1.0,12.0,0.0,77.0,102,2.6
Kwek-Kwek #237,Street Food,1 serving,185.0,6.6,19.0,8.2,0.9,303.0,18,0.9
Balut #238,Street Food,1 serving,188.0,13.3,1.4,14.2,0.1,90.0,103,2.8
Tinola #239,Soup,1 serving,180.0,21.7,3.0,8.4,2.5,742.0,47,1.8
Palabok #240,Noodle Dish,1 serving,320.0,14.7,46.2,8.8,3.3,828.0,52,2.4
Kare-Kare #241,Main Dish,1 serving,387.0,24.6,16.3,25.974999999999998,2.4,945.0,58,3.3
Palabok #242,Noodle Dish,1 serving,307.0,14.1,42.5,10.9,2.5,794.0,54,2.8
Laing #243,Vegetable Dish,1 serving,214.0,5.6,13.4,19.0,3.1,469.0,81,2.8
Lumpiang Shanghai #244,Snack,1 serving,133.0,7.0,12.0,6.0,1.2,326.0,27,0.7
Arroz Caldo #245,Breakfast,1 serving,250.0,12.5,36.2,7.3,1.8,652.0,35,1.7
Palabok #246,Noodle Dish,1 serving,337.0,13.1,43.2,10.4,2.8,822.0,51,3.0
Pancit Bihon #247,Noodle Dish,1 serving,268.0,8.4,40.3,4.2,1.9,559.0,45,1.9
Goto #248,Breakfast,1 serving,213.0,9.5,35.0,5.0,1.6,584.0,40,1.0
Pancit Bihon #249,Noodle Dish,1 serving,272.0,9.8,41.6,6.6,2.5,584.0,42,1.2
Bibingka #250,Dessert,1 serving,258.0,6.4,49.2,4.1,2.1,287.0,84,2.1
Puto #251,Snack,1 serving,110.0,2.5,21.3,2.6,0.2,133.0,38,1.1
Adobo Pork #252,Main Dish,1 serving,357.0,30.5,10.6,21.3,1.1,1645.0,43,2.6
Puto #253,Snack,1 serving,106.0,3.7,16.9,1.0,0.4,144.0,34,1.1
Pancit Canton #254,Noodle Dish,1 serving,285.0,9.9,39.5,8.4,1.7,576.0,51,1.5
Champorado #255,Breakfast,1 serving,218.0,4.0,47.7,2.8,1.8,137.0,25,1.0
Arroz Caldo #256,Breakfast,1 serving,245.0,11.7,35.8,5.2,1.4,729.0,38,2.1
Lumpiang Shanghai #257,Snack,1 serving,142.0,6.7,10.5,8.3,1.1,301.0,27,1.2
Kwek-Kwek #258,Street Food,1 serving,171.0,5.4,21.9,7.2,1.4,336.0,28,1.5
Goto #259,Breakfast,1 serving,188.0,11.1,32.2,4.4,1.0,650.0,36,1.5
Balut #260,Street Food,1 serving,178.0,13.8,2.3,13.5,0.0,170.0,96,2.0
Balut #261,Street Food,1 serving,174.0,14.9,4.0,14.7,0.4,160.0,103,2.8
Puto #262,Snack,1 serving,73.0,2.9,20.0,2.4,0.5,116.0,44,0.6
Adobo Chicken #263,Main Dish,1 serving,329.0,32.975,14.6,17.7,1.4,1514.0,50,2.4
Palabok #264,Noodle Dish,1 serving,323.0,14.6,42.8,10.2,3.1,774.0,53,2.0
Balut #265,Street Food,1 serving,181.0,14.0,1.1,11.7,0.4,143.0,103,2.2
Lumpiang Shanghai #266,Snack,1 serving,150.0,4.2,12.2,5.0,0.8,251.0,15,0.6
Halo-Halo #267,Dessert,1 serving,346.0,6.2,55.375,4.5,3.9,167.0,103,1.9
Pancit Bihon #268,Noodle Dish,1 serving,269.0,9.2,41.2,4.0,1.7,579.0,48,1.0
Bibingka #269,Dessert,1 serving,256.0,4.7,50.6,7.1,1.8,343.0,73,2.5
Kutsinta #270,Snack,1 serving,118.0,1.5,26.3,1.8,0.7,74.0,25,0.7
Goto #271,Breakfast,1 serving,220.0,11.3,33.4,3.3,1.5,593.0,37,1.5
Adobo Pork #272,Main Dish,1 serving,330.0,30.3,8.5,21.8,1.0,1563.0,45,2.7
Kwek-Kwek #273,Street Food,1 serving,193.0,4.7,17.3,8.4,1.3,319.0,34,1.6
Halo-Halo #274,Dessert,1 serving,336.0,6.4,55.375,6.0,4.0,126.0,103,1.5
Champorado #275,Breakfast,1 serving,245.0,6.4,50.0,5.0,2.0,132.0,24,0.9
Balut #276,Street Food,1 serving,205.0,15.5,3.3,12.3,0.0,79.0,102,2.2
Balut #277,Street Food,1 serving,174.0,13.2,0.1,14.4,0.0,74.0,99,2.7
Taho #278,Snack,1 serving,197.0,6.0,28.9,1.1,1.1,29.0,102,1.8
Lechon #279,Main Dish,1 serving,446.0,32.975,4.1,25.974999999999998,0.0,986.0,54,3.3
Isaw #280,Street Food,1 serving,101.0,8.0,0.4,7.5,0.4,359.0,6,0.9
Bibingka #281,Dessert,1 serving,235.0,7.8,50.8,5.4,2.1,340.0,83,2.3
Kwek-Kwek #282,Street Food,1 serving,162.0,6.9,21.3,8.1,1.0,352.0,35,1.2
Bicol Express #283,Main Dish,1 serving,288.0,15.7,14.1,25.6,1.8,815.0,50,2.1
Pinakbet #284,Vegetable Dish,1 serving,114.0,5.0,18.1,1.1,4.0,592.0,58,3.2
Pancit Canton #285,Noodle Dish,1 serving,268.0,9.3,37.2,9.5,1.8,595.0,37,1.4
Kare-Kare #286,Main Dish,1 serving,396.0,24.3,15.2,25.7,2.5,943.0,55,3.0
Sinigang na Baboy #287,Main Dish,1 serving,195.0,17.0,8.9,10.3,1.8,931.0,42,1.9
Balut #288,Street Food,1 serving,169.0,13.3,4.6,12.3,0.4,157.0,103,2.5
Isaw #289,Street Food,1 serving,78.0,7.3,1.4,6.2,0.1,375.0,15,1.0
Pinakbet #290,Vegetable Dish,1 serving,107.0,6.2,21.7,4.2,3.9,601.0,50,3.4
Laing #291,Vegetable Dish,1 serving,206.0,3.4,13.2,16.6,3.7,464.0,82,2.1
Balut #292,Street Food,1 serving,172.0,14.0,0.4,12.1,0.2,143.0,103,2.3
Pancit Canton #293,Noodle Dish,1 serving,274.0,11.7,40.1,7.2,1.5,608.0,39,1.4
Palabok #294,Noodle Dish,1 serving,305.0,16.1,47.3,9.8,3.1,787.0,51,2.5
Fishball #295,Street Food,1 serving,123.0,2.7,13.5,3.5,0.8,332.0,23,1.0
Kwek-Kwek #296,Street Food,1 serving,175.0,7.5,17.3,7.1,1.3,318.0,24,1.1
Taho #297,Snack,1 serving,164.0,4.2,30.6,4.0,0.6,71.0,94,1.2
Goto #298,Breakfast,1 serving,183.0,10.2,34.5,4.2,1.3,551.0,20,1.1
Adobo Chicken #299,Main Dish,1 serving,336.0,32.975,14.8,17.7,1.5,1488.0,39,2.6
Bicol Express #300,Main Dish,1 serving,320.0,15.7,14.8,25.9,1.6,801.0,60,2.0
Pinakbet #301,Vegetable Dish,1 serving,102.0,3.3,19.1,2.2,3.9,624.0,57,3.0
Sinigang na Baboy #302,Main Dish,1 serving,192.0,19.7,5.4,8.8,2.0,968.0,44,2.3
Pancit Canton #303,Noodle Dish,1 serving,277.0,9.1,39.1,7.7,2.3,550.0,39,1.8
Puto #304,Snack,1 serving,85.0,0.1,20.2,2.9,0.8,121.0,40,0.9
Laing #305,Vegetable Dish,1 serving,209.0,5.6,15.0,19.0,3.2,485.0,80,2.8
Lechon #306,Main Dish,1 serving,446.0,32.975,7.5,25.974999999999998,0.0,989.0,67,3.0
Lechon #307,Main Dish,1 serving,448.0,32.975,7.2,25.974999999999998,0.4,1002.0,63,3.3
Pancit Bihon #308,Noodle Dish,1 serving,263.0,8.9,41.1,4.6,1.9,560.0,40,1.4
Tinola #309,Soup,1 serving,179.0,21.9,6.0,7.1,1.9,727.0,51,2.2
Kwek-Kwek #310,Street Food,1 serving,197.0,4.5,17.2,10.0,1.3,341.0,31,1.0
Pancit Bihon #311,Noodle Dish,1 serving,251.0,8.1,43.3,6.8,1.7,600.0,45,1.5
Taho #312,Snack,1 serving,182.0,4.4,29.9,4.4,1.4,37.0,90,1.4
Pinakbet #313,Vegetable Dish,1 serving,114.0,4.1,18.1,2.3,4.3,604.0,62,3.0
Halo-Halo #314,Dessert,1 serving,340.0,7.6,55.375,4.8,4.1,175.0,103,1.8
Pancit Canton #315,Noodle Dish,1 serving,298.0,11.9,37.1,6.5,1.9,577.0,53,1.5
Pancit Bihon #316,Noodle Dish,1 serving,273.0,8.8,43.3,7.7,1.9,557.0,35,1.0
Puto #317,Snack,1 serving,78.0,3.9,21.0,1.2,0.6,117.0,30,1.1
Pancit Canton #318,Noodle Dish,1 serving,294.0,9.9,42.8,6.6,1.9,635.0,43,1.5
Arroz Caldo #319,Breakfast,1 serving,240.0,13.8,36.1,7.2,1.5,672.0,44,2.1
Lechon #320,Main Dish,1 serving,444.0,32.975,2.9,25.974999999999998,0.2,985.0,65,3.7
Isaw #321,Street Food,1 serving,77.0,8.2,3.5,7.6,0.2,430.0,9,0.7
Champorado #322,Breakfast,1 serving,250.0,5.3,49.0,4.0,1.8,132.0,39,0.8
Fishball #323,Street Food,1 serving,130.0,2.9,12.2,5.2,0.8,272.0,15,1.3
Turon #324,Dessert,1 serving,134.0,0.5,30.3,6.3,1.4,84.0,35,0.1
Puto #325,Snack,1 serving,99.0,0.7,18.5,0.2,0.8,77.0,40,1.1
Lechon #326,Main Dish,1 serving,451.0,32.975,5.7,25.974999999999998,0.0,998.0,53,3.5
Sinigang na Baboy #327,Main Dish,1 serving,191.0,17.9,7.0,7.5,1.7,965.0,38,2.4
Pancit Canton #328,Noodle Dish,1 serving,262.0,10.1,38.1,7.3,1.6,581.0,53,1.4
Bicol Express #329,Main Dish,1 serving,314.0,14.4,14.6,23.7,2.2,773.0,55,1.7
Pinakbet #330,Vegetable Dish,1 serving,108.0,3.5,21.5,1.3,4.0,572.0,60,2.9
Goto #331,Breakfast,1 serving,198.0,10.2,35.0,3.2,1.6,619.0,21,1.7
Sinigang na Baboy #332,Main Dish,1 serving,187.0,19.9,9.4,9.1,1.5,999.0,50,1.8
Palabok #333,Noodle Dish,1 serving,335.0,14.6,46.6,11.0,2.9,777.0,52,2.0
Tinola #334,Soup,1 serving,175.0,20.2,3.1,9.1,2.1,663.0,54,2.2
Isaw #335,Street Food,1 serving,95.0,6.9,3.1,7.0,0.3,405.0,9,0.8
Bibingka #336,Dessert,1 serving,269.0,4.3,49.2,6.2,1.6,347.0,79,2.5
Puto #337,Snack,1 serving,101.0,3.4,19.7,0.0,0.3,169.0,39,0.8
Kwek-Kwek #338,Street Food,1 serving,185.0,7.5,19.7,9.5,0.6,305.0,23,1.3
Kare-Kare #339,Main Dish,1 serving,387.0,24.4,15.4,24.3,2.2,1007.0,60,2.8
Pinakbet #340,Vegetable Dish,1 serving,135.0,3.1,17.5,2.8,4.2,573.0,57,3.5
Halo-Halo #341,Dessert,1 serving,332.0,6.8,55.375,5.3,3.9,189.0,103,1.2
Puto #342,Snack,1 serving,104.0,2.8,22.0,1.2,0.8,75.0,32,0.7
Taho #343,Snack,1 serving,169.0,5.7,32.8,4.8,1.0,60.0,102,1.8
Laing #344,Vegetable Dish,1 serving,240.0,6.8,13.6,19.4,3.2,524.0,97,2.7
Tinola #345,Soup,1 serving,177.0,18.2,3.7,7.6,1.7,698.0,57,2.3
Adobo Pork #346,Main Dish,1 serving,370.0,31.9,6.9,21.7,0.7,1559.0,41,2.5
Champorado #347,Breakfast,1 serving,217.0,5.4,48.9,2.7,2.0,102.0,22,1.0
Tinola #348,Soup,1 serving,173.0,18.5,6.4,7.1,1.6,742.0,52,1.8
Adobo Pork #349,Main Dish,1 serving,345.0,32.6,8.3,20.4,1.1,1643.0,40,2.6
Pinakbet #350,Vegetable Dish,1 serving,103.0,3.9,21.1,2.5,4.1,571.0,68,3.4
Bibingka #351,Dessert,1 serving,269.0,7.8,51.9,7.5,2.2,337.0,74,1.6
Palabok #352,Noodle Dish,1 serving,338.0,15.9,47.9,8.0,3.1,824.0,53,2.6
Bibingka #353,Dessert,1 serving,255.0,7.2,47.4,5.8,2.0,311.0,85,1.5
Adobo Chicken #354,Main Dish,1 serving,352.0,32.975,12.9,20.2,1.5,1562.0,43,3.0
Pancit Canton #355,Noodle Dish,1 serving,271.0,11.8,39.2,6.8,2.4,585.0,52,1.6
Pinakbet #356,Vegetable Dish,1 serving,101.0,4.2,21.7,4.5,3.8,595.0,56,3.5
Kwek-Kwek #357,Street Food,1 serving,182.0,4.4,18.4,8.4,0.8,396.0,18,0.8
Adobo Pork #358,Main Dish,1 serving,338.0,32.6,8.9,20.6,0.7,1586.0,46,2.5
Laing #359,Vegetable Dish,1 serving,205.0,4.7,15.7,19.0,3.8,504.0,94,2.1
Palabok #360,Noodle Dish,1 serving,309.0,15.2,44.0,10.2,3.5,754.0,57,2.3
Adobo Chicken #361,Main Dish,1 serving,318.0,32.975,17.5,19.8,1.3,1557.0,36,2.5
Palabok #362,Noodle Dish,1 serving,338.0,14.2,44.7,9.5,2.7,793.0,55,2.1
Kutsinta #363,Snack,1 serving,119.0,2.1,25.9,0.0,0.5,87.0,28,0.9
Kare-Kare #364,Main Dish,1 serving,392.0,23.8,11.5,25.974999999999998,1.8,941.0,56,3.2
Isaw #365,Street Food,1 serving,85.0,7.1,0.9,7.2,0.0,439.0,11,1.3
Fishball #366,Street Food,1 serving,101.0,5.8,17.8,5.4,1.1,286.0,17,0.6
Bibingka #367,Dessert,1 serving,267.0,7.0,50.1,7.0,2.0,264.0,72,1.6
Pancit Bihon #368,Noodle Dish,1 serving,259.0,7.1,43.2,7.4,2.0,544.0,36,1.1
Champorado #369,Breakfast,1 serving,227.0,3.9,50.9,2.8,1.6,125.0,40,1.3
Tinola #370,Soup,1 serving,181.0,19.1,4.8,6.4,2.3,709.0,47,1.9
Fishball #371,Street Food,1 serving,139.0,4.8,17.9,6.1,1.3,283.0,19,1.2
Adobo Pork #372,Main Dish,1 serving,332.0,30.7,6.7,20.2,0.9,1642.0,50,2.5
Champorado #373,Breakfast,1 serving,246.0,3.5,49.3,1.2,2.2,153.0,27,0.8
Champorado #374,Breakfast,1 serving,231.0,3.5,48.6,2.4,2.4,169.0,25,1.0
Balut #375,Street Food,1 serving,176.0,12.8,0.0,12.3,0.0,73.0,97,2.2
Laing #376,Vegetable Dish,1 serving,229.0,6.8,14.9,19.5,3.4,467.0,92,2.6
Pancit Bihon #377,Noodle Dish,1 serving,256.0,10.0,39.3,7.8,1.9,501.0,31,1.8
Isaw #378,Street Food,1 serving,71.0,9.7,0.3,5.7,0.0,419.0,18,0.5
Halo-Halo #379,Dessert,1 serving,368.0,5.8,55.375,5.4,3.5,156.0,103,1.7
Adobo Chicken #380,Main Dish,1 serving,333.0,32.975,17.8,20.1,1.5,1484.0,36,3.1
Pinakbet #381,Vegetable Dish,1 serving,139.0,3.2,22.8,3.6,4.1,588.0,70,2.8
Tinola #382,Soup,1 serving,162.0,21.2,5.7,10.0,2.4,675.0,55,2.0
Kare-Kare #383,Main Dish,1 serving,390.0,25.3,11.9,24.3,1.6,925.0,54,3.4
Champorado #384,Breakfast,1 serving,239.0,4.5,52.0,2.9,1.9,187.0,23,0.8
Palabok #385,Noodle Dish,1 serving,314.0,15.9,42.1,8.7,2.8,827.0,42,2.6
Isaw #386,Street Food,1 serving,97.0,7.1,0.5,5.6,0.0,375.0,13,0.8
Kare-Kare #387,Main Dish,1 serving,397.0,23.6,14.9,25.974999999999998,2.0,928.0,60,2.8
Halo-Halo #388,Dessert,1 serving,367.0,6.3,55.375,5.9,4.4,109.0,103,1.3
Kutsinta #389,Snack,1 serving,110.0,0.7,24.3,1.5,0.3,107.0,23,0.1
Adobo Pork #390,Main Dish,1 serving,340.0,30.0,5.6,23.8,0.5,1560.0,47,3.0
Turon #391,Dessert,1 serving,155.0,3.2,30.7,5.6,1.9,77.0,35,0.9
Bibingka #392,Dessert,1 serving,254.0,7.8,52.1,6.6,2.0,301.0,70,2.3
Kwek-Kwek #393,Street Food,1 serving,197.0,4.8,17.4,9.4,1.1,367.0,16,1.6
Turon #394,Dessert,1 serving,143.0,1.5,27.3,6.8,1.0,156.0,30,0.2
Pancit Bihon #395,Noodle Dish,1 serving,267.0,9.1,42.4,5.4,2.4,575.0,35,1.1
Bicol Express #396,Main Dish,1 serving,282.0,13.1,10.4,24.8,1.6,846.0,52,2.1
Turon #397,Dessert,1 serving,148.0,0.4,31.9,5.8,1.5,115.0,18,0.2
Bibingka #398,Dessert,1 serving,253.0,5.3,52.7,7.4,1.8,288.0,88,2.3
Taho #399,Snack,1 serving,171.0,6.8,32.3,4.9,1.5,86.0,103,1.5
Kwek-Kwek #400,Street Food,1 serving,177.0,6.2,20.2,9.8,1.1,362.0,23,1.0
Pinakbet #401,Vegetable Dish,1 serving,120.0,4.0,22.3,3.3,3.6,551.0,66,3.4
Lechon #402,Main Dish,1 serving,452.0,32.975,2.3,25.974999999999998,0.0,987.0,51,3.2
Bicol Express #403,Main Dish,1 serving,283.0,15.5,11.9,24.2,1.7,773.0,47,2.1
Arroz Caldo #404,Breakfast,1 serving,246.0,11.9,34.6,7.9,1.6,736.0,43,1.6
Adobo Pork #405,Main Dish,1 serving,350.0,30.2,10.1,22.4,0.9,1646.0,34,3.0
Turon #406,Dessert,1 serving,164.0,2.0,27.2,3.6,1.6,76.0,19,0.8
Puto #407,Snack,1 serving,73.0,1.9,20.4,0.0,0.8,75.0,33,0.7
Kutsinta #408,Snack,1 serving,90.0,0.0,25.6,2.2,0.0,93.0,24,0.1
Kutsinta #409,Snack,1 serving,117.0,2.3,21.2,0.6,0.8,43.0,22,0.6
Pancit Bihon #410,Noodle Dish,1 serving,263.0,9.4,44.7,6.0,2.4,580.0,44,1.9
Laing #411,Vegetable Dish,1 serving,221.0,6.9,15.2,17.5,3.5,499.0,84,2.3
Lechon #412,Main Dish,1 serving,451.0,32.975,7.3,25.974999999999998,0.2,1015.0,58,3.6
Fishball #413,Street Food,1 serving,138.0,4.8,12.5,6.9,1.5,334.0,22,1.3
Taho #414,Snack,1 serving,175.0,6.7,27.5,2.9,1.4,21.0,103,1.3
Sinigang na Baboy #415,Main Dish,1 serving,195.0,17.7,8.7,9.7,1.1,995.0,32,2.2
Arroz Caldo #416,Breakfast,1 serving,262.0,10.0,37.2,7.0,1.8,705.0,32,2.0
Balut #417,Street Food,1 serving,197.0,14.5,0.0,11.4,0.2,95.0,94,3.0
Puto #418,Snack,1 serving,103.0,0.5,20.2,1.8,0.6,143.0,50,0.4
Arroz Caldo #419,Breakfast,1 serving,237.0,12.3,36.8,6.2,1.3,725.0,48,1.9
Champorado #420,Breakfast,1 serving,234.0,5.6,47.9,2.3,1.6,112.0,30,1.5
Kare-Kare #421,Main Dish,1 serving,378.0,25.9,15.6,24.4,2.3,989.0,58,3.0
Puto #422,Snack,1 serving,87.0,2.5,18.6,2.9,0.2,154.0,33,0.4
Pancit Canton #423,Noodle Dish,1 serving,295.0,8.6,37.7,6.7,2.4,647.0,43,1.6
Adobo Pork #424,Main Dish,1 serving,357.0,32.4,5.8,23.2,1.0,1565.0,49,2.7
Taho #425,Snack,1 serving,186.0,3.6,29.6,1.9,1.4,98.0,93,1.2
Tinola #426,Soup,1 serving,174.0,21.8,8.3,9.0,2.3,663.0,53,2.3
Kare-Kare #427,Main Dish,1 serving,389.0,24.1,11.4,25.8,2.0,937.0,65,3.4
Bibingka #428,Dessert,1 serving,252.0,5.3,47.2,6.3,2.0,311.0,70,2.4
Pinakbet #429,Vegetable Dish,1 serving,129.0,6.6,22.0,2.6,3.6,590.0,62,3.0
Goto #430,Breakfast,1 serving,216.0,9.8,32.9,4.9,1.5,626.0,31,1.5
Bibingka #431,Dessert,1 serving,232.0,4.1,50.2,6.0,1.8,273.0,86,2.1
Sinigang na Baboy #432,Main Dish,1 serving,198.0,19.1,10.9,7.5,1.0,969.0,30,1.8
Isaw #433,Street Food,1 serving,99.0,7.7,0.0,7.5,0.0,437.0,10,1.4
Balut #434,Street Food,1 serving,192.0,14.1,4.4,11.1,0.0,84.0,99,2.4
Champorado #435,Breakfast,1 serving,235.0,5.8,52.4,2.3,1.8,139.0,30,1.0
Champorado #436,Breakfast,1 serving,217.0,6.4,48.9,2.9,1.9,193.0,26,1.6
Kwek-Kwek #437,Street Food,1 serving,164.0,7.6,19.8,10.9,0.9,345.0,15,1.1
Kutsinta #438,Snack,1 serving,118.0,0.7,22.5,0.1,0.5,40.0,23,0.9
Pinakbet #439,Vegetable Dish,1 serving,109.0,4.6,18.6,1.6,3.6,642.0,63,2.7
Pinakbet #440,Vegetable Dish,1 serving,126.0,5.5,22.7,2.6,4.1,624.0,58,3.0
Taho #441,Snack,1 serving,179.0,3.3,27.7,2.1,0.8,59.0,91,1.3
Kwek-Kwek #442,Street Food,1 serving,181.0,6.5,21.1,10.3,1.2,395.0,19,1.5
Goto #443,Breakfast,1 serving,198.0,10.3,32.8,3.8,1.5,576.0,39,2.0
Arroz Caldo #444,Breakfast,1 serving,238.0,10.5,35.5,6.7,1.3,679.0,34,2.1
Puto #445,Snack,1 serving,107.0,3.2,19.5,0.0,0.2,154.0,47,0.9
Bibingka #446,Dessert,1 serving,248.0,6.8,47.6,7.0,1.7,321.0,84,2.1
Kwek-Kwek #447,Street Food,1 serving,198.0,4.8,17.6,10.6,1.0,360.0,15,0.7
Lumpiang Shanghai #448,Snack,1 serving,135.0,6.2,7.6,8.7,0.7,332.0,26,0.9
Turon #449,Dessert,1 serving,146.0,1.9,30.5,4.3,1.9,167.0,21,0.3
Adobo Chicken #450,Main Dish,1 serving,325.0,32.975,12.5,17.3,1.5,1515.0,42,2.5
Kutsinta #451,Snack,1 serving,110.0,0.8,23.5,1.5,0.0,84.0,23,0.2
Palabok #452,Noodle Dish,1 serving,340.0,13.2,42.1,8.5,2.5,805.0,58,2.1
Laing #453,Vegetable Dish,1 serving,219.0,6.1,17.3,19.4,3.6,532.0,82,2.7
Sinigang na Baboy #454,Main Dish,1 serving,167.0,18.8,10.1,7.2,1.5,979.0,32,1.9
Pinakbet #455,Vegetable Dish,1 serving,114.0,6.6,18.5,3.5,3.6,596.0,52,2.7
Turon #456,Dessert,1 serving,158.0,3.8,28.4,6.6,1.8,77.0,20,0.6
Arroz Caldo #457,Breakfast,1 serving,246.0,12.6,33.2,5.7,1.3,709.0,31,1.6
Balut #458,Street Food,1 serving,177.0,13.5,3.8,11.9,0.0,85.0,93,3.0
Fishball #459,Street Food,1 serving,111.0,4.2,16.7,6.5,0.5,286.0,27,0.3
Champorado #460,Breakfast,1 serving,214.0,3.9,53.0,4.6,1.7,147.0,29,1.6
Kutsinta #461,Snack,1 serving,115.0,0.0,21.9,0.0,0.2,111.0,24,0.4
Goto #462,Breakfast,1 serving,217.0,9.1,36.6,5.8,1.1,638.0,23,1.1
Halo-Halo #463,Dessert,1 serving,345.0,5.9,55.375,7.0,4.3,194.0,103,1.6
Pancit Canton #464,Noodle Dish,1 serving,262.0,8.4,37.8,8.3,1.8,604.0,40,1.7
Adobo Pork #465,Main Dish,1 serving,343.0,32.2,8.2,22.8,0.9,1578.0,36,3.0
Fishball #466,Street Food,1 serving,106.0,4.9,13.6,5.9,0.5,332.0,25,0.5
Taho #467,Snack,1 serving,171.0,6.5,32.2,3.6,0.8,69.0,92,1.7
Kutsinta #468,Snack,1 serving,91.0,0.4,22.7,2.2,0.4,129.0,16,0.1
Isaw #469,Street Food,1 serving,91.0,9.7,0.0,7.3,0.5,378.0,5,0.7
Palabok #470,Noodle Dish,1 serving,340.0,13.6,43.8,9.2,2.7,846.0,41,2.9
Laing #471,Vegetable Dish,1 serving,227.0,4.6,12.3,16.5,3.6,548.0,83,2.9
Lechon #472,Main Dish,1 serving,455.0,32.975,7.8,25.974999999999998,0.5,1019.0,63,3.2
Laing #473,Vegetable Dish,1 serving,232.0,3.7,13.0,16.6,3.5,533.0,99,2.7
Halo-Halo #474,Dessert,1 serving,338.0,6.8,55.375,6.7,4.1,149.0,103,1.8
Turon #475,Dessert,1 serving,154.0,1.1,30.0,5.7,1.8,116.0,23,0.9
Pancit Canton #476,Noodle Dish,1 serving,284.0,10.8,42.8,8.7,1.9,591.0,46,2.1
Lechon #477,Main Dish,1 serving,436.0,32.975,5.5,25.974999999999998,0.5,968.0,58,3.3
Pancit Canton #478,Noodle Dish,1 serving,262.0,10.9,38.9,6.3,1.7,573.0,40,2.1
Fishball #479,Street Food,1 serving,134.0,3.3,16.2,5.3,1.5,313.0,22,1.2
Taho #480,Snack,1 serving,198.0,5.4,32.0,4.3,1.2,27.0,98,1.4
Fishball #481,Street Food,1 serving,134.0,4.3,16.6,4.4,1.0,290.0,26,0.5
Tinola #482,Soup,1 serving,165.0,19.9,3.4,9.5,1.9,673.0,63,2.5
Palabok #483,Noodle Dish,1 serving,319.0,15.4,45.0,11.9,3.2,824.0,54,2.8
Laing #484,Vegetable Dish,1 serving,219.0,4.7,16.8,19.9,3.7,509.0,90,2.5
Lumpiang Shanghai #485,Snack,1 serving,111.0,5.4,8.3,8.7,1.4,264.0,24,1.4
Adobo Chicken #486,Main Dish,1 serving,352.0,32.975,17.3,19.4,1.7,1557.0,52,2.5
Halo-Halo #487,Dessert,1 serving,351.0,4.3,55.375,6.0,3.8,147.0,103,1.8
Pancit Canton #488,Noodle Dish,1 serving,270.0,9.0,37.9,6.8,1.8,597.0,53,1.4
Kwek-Kwek #489,Street Food,1 serving,180.0,7.6,22.4,8.3,1.2,380.0,20,1.1
Isaw #490,Street Food,1 serving,86.0,7.2,3.9,7.0,0.0,410.0,15,0.7
Tinola #491,Soup,1 serving,176.0,20.9,6.9,7.2,2.2,750.0,50,1.7
Halo-Halo #492,Dessert,1 serving,347.0,5.6,55.375,7.8,4.0,157.0,103,1.1
Lechon #493,Main Dish,1 serving,441.0,32.975,7.7,25.974999999999998,0.0,1044.0,66,3.3
Balut #494,Street Food,1 serving,198.0,15.2,2.3,14.4,0.1,135.0,99,2.3
Pancit Canton #495,Noodle Dish,1 serving,260.0,10.8,38.5,7.7,1.9,637.0,50,2.0
Pinakbet #496,Vegetable Dish,1 serving,122.0,3.2,21.0,1.7,4.3,562.0,64,3.1
Lumpiang Shanghai #497,Snack,1 serving,125.0,6.6,12.6,6.2,0.7,264.0,20,1.1
Turon #498,Dessert,1 serving,167.0,3.9,29.2,3.1,1.1,147.0,35,0.9
Laing #499,Vegetable Dish,1 serving,213.0,6.0,13.0,18.1,3.0,496.0,96,2.0
Pinakbet #500,Vegetable Dish,1 serving,125.0,4.0,20.4,2.9,3.9,595.0,55,2.8
